date,open,high,low,close,volume
2019-01-02,5921.46,5921.46,5799.62,5815.87,42478984.0
2019-01-03,5815.87,5879.22,5807.74,5835.36,25879802.0
2019-01-04,5802.87,5962.07,5776.88,5953.95,48961213.0
2019-01-07,5991.32,6004.31,5888.97,5926.33,39269076.0
2019-01-08,5914.96,5916.59,5853.23,5903.59,19302164.0
2019-01-09,6043.3,6183.01,6022.18,6093.66,105806077.0
2019-01-10,6072.54,6161.89,6057.92,6134.28,47756614.0
2019-01-11,6166.77,6166.77,6074.17,6129.4,33092589.0
2019-01-14,6135.9,6168.39,6098.54,6121.28,21177348.0
2019-01-15,6147.27,6316.23,6126.15,6299.98,61271292.0
2019-01-16,6303.23,6416.95,6278.86,6386.08,50192876.0
2019-01-17,6189.51,6316.23,6147.27,6280.49,92745328.0
2019-01-18,6283.73,6360.09,6243.12,6330.85,56937644.0
2019-01-21,6340.59,6522.54,6311.35,6413.7,58980901.0
2019-01-22,6412.07,6412.07,6282.11,6321.1,31945881.0
2019-01-23,6290.23,6410.45,6251.24,6366.59,34826523.0
2019-01-24,6410.45,6416.95,6335.72,6397.45,29729031.0
2019-01-25,6426.69,6514.42,6373.08,6481.93,48283883.0
2019-01-28,6514.42,6707.74,6506.3,6545.29,51847665.0
2019-01-29,6538.79,6688.25,6517.67,6676.87,52298077.0
2019-01-30,6633.01,6668.75,6569.65,6611.89,33230654.0
2019-01-31,6673.62,6782.47,6641.13,6782.47,47374589.0
2019-02-01,6879.94,6879.94,6766.22,6816.58,40894729.0
2019-02-11,6801.96,7031.02,6788.97,6996.91,39917349.0
2019-02-12,6996.91,7058.64,6956.3,7021.28,36698352.0
2019-02-13,7045.65,7091.13,6957.92,7068.39,41802503.0
2019-02-14,7060.27,7229.22,7019.65,7204.85,43546157.0
2019-02-15,7186.98,7188.61,6930.3,6944.92,64381715.0
2019-02-18,7032.65,7193.48,7019.65,7162.61,48026017.0
2019-02-19,7229.22,7391.67,7188.61,7248.71,53235010.0
2019-02-20,7308.82,7323.44,7188.61,7308.82,33464112.0
2019-02-21,7326.69,7391.67,7248.71,7284.45,44965515.0
2019-02-22,7276.33,7310.45,7146.37,7303.95,45113200.0
2019-02-25,7427.44,7590.44,7310.53,7587.15,93008257.0
2019-02-26,7577.27,7577.27,7378.04,7397.8,67527001.0
2019-02-27,7458.72,7468.6,7277.6,7335.23,46966648.0
2019-02-28,7327.0,7430.73,7317.12,7376.39,34638053.0
2019-03-01,7435.67,7550.93,7414.26,7529.52,64503002.0
2019-03-04,7618.43,7860.47,7573.98,7681.0,88029512.0
2019-03-05,7746.86,7816.01,7689.23,7751.8,53711471.0
2019-03-06,7788.02,7870.35,7690.88,7755.09,47632361.0
2019-03-07,7755.09,7756.74,7491.65,7531.17,63612511.0
2019-03-08,7369.81,7473.54,7315.47,7328.65,63223056.0
2019-03-11,7328.65,7485.06,7328.65,7470.25,42744102.0
2019-03-12,7529.52,7532.81,7343.46,7376.39,70191342.0
2019-03-13,7389.57,7450.49,7376.39,7401.09,39902264.0
2019-03-14,7392.86,7573.98,7381.33,7485.06,51368856.0
2019-03-15,7491.65,7850.59,7491.65,7725.46,83975319.0
2019-03-18,7722.16,7921.39,7662.89,7886.81,65350732.0
2019-03-19,7891.75,7974.08,7723.81,7773.2,50703847.0
2019-03-20,7740.27,7755.09,7592.09,7674.41,46049241.0
2019-03-21,7639.84,7667.83,7570.68,7618.43,46690937.0
2019-03-22,7639.84,7695.82,7541.05,7600.32,42619203.0
2019-03-25,7486.71,7519.64,7389.57,7407.68,57037810.0
2019-03-26,7455.43,7480.12,7287.48,7376.39,49095354.0
2019-03-27,7422.5,7537.75,7384.63,7508.12,43079560.0
2019-03-28,7470.25,7570.68,7415.91,7513.06,34626542.0
2019-03-29,7517.99,7788.02,7517.99,7773.2,79588027.0
2019-04-09,8550.36,8550.36,8550.36,8550.36,10843642.0
2019-04-10,9404.9,9404.9,8983.39,9404.9,322875034.0
2019-04-11,9439.48,9614.01,9006.45,9088.77,174327744.0
2019-04-12,9024.56,9220.49,8710.07,8981.75,109251512.0
2019-04-15,9180.98,9640.35,9090.42,9335.75,138528609.0
2019-04-16,9269.89,9595.9,9176.04,9589.31,90534495.0
2019-04-17,9589.31,9605.78,9385.14,9460.88,71134936.0
2019-04-18,9625.54,9895.56,9576.14,9796.77,96045516.0
2019-04-19,9796.77,10768.22,9661.76,10702.36,104428516.0
2019-04-22,10493.25,10585.46,10023.99,10066.8,126873432.0
2019-04-23,10027.29,10126.08,9795.13,10042.1,87488196.0
2019-04-24,10159.01,10188.64,9833.0,9864.28,83847354.0
2019-04-25,9763.84,9813.24,9434.54,9508.63,88811027.0
2019-04-26,9505.34,9595.9,9236.96,9250.13,72059629.0
2019-04-29,9179.33,9646.94,9057.49,9436.19,94751043.0
2019-04-30,9031.14,9408.2,8973.52,9151.34,85342281.0
2019-05-06,8789.11,8999.86,8430.17,8484.5,135811358.0
2019-05-07,8570.12,8927.41,8570.12,8795.69,92700222.0
2019-05-08,8561.89,8835.21,8512.49,8616.22,55479012.0
2019-05-09,8542.13,8647.51,8318.2,8528.96,73733501.0
2019-05-10,8726.54,9245.19,8522.37,9097.0,90050525.0
2019-05-13,8762.76,9103.59,8762.76,8907.65,45334447.0
2019-05-14,8767.7,8971.87,8729.83,8785.81,50839633.0
2019-05-15,8973.52,9261.66,8924.12,9210.61,73830878.0
2019-05-16,9171.1,9315.99,9138.17,9251.78,43178158.0
2019-05-17,9253.42,9289.65,8915.89,9022.91,49182968.0
2019-05-20,8948.82,9087.13,8696.9,8831.92,46021753.0
2019-05-21,8864.85,9260.01,8861.55,9129.93,51895127.0
2019-05-22,9154.63,9212.26,9006.45,9055.84,27649662.0
2019-05-23,9055.84,9072.31,8706.78,8706.78,52302950.0
2019-05-24,8734.77,8965.28,8734.77,8874.72,42952023.0
2019-05-27,8892.84,8973.52,8723.25,8899.42,35229427.0
2019-05-28,8891.19,9110.18,8858.26,9039.38,39962173.0
2019-05-29,8912.59,8999.86,8841.79,8907.65,29526221.0
2019-05-30,8831.92,8856.61,8665.62,8716.66,45544777.0
2019-05-31,8710.07,8813.8,8589.88,8612.93,37422212.0
2019-06-03,8678.79,8749.59,8545.42,8644.21,36729313.0
2019-06-04,8644.21,8756.18,8402.17,8476.27,37091546.0
2019-06-05,8594.82,8777.58,8395.59,8619.51,49629698.0
2019-06-06,8619.51,8743.0,8560.24,8660.68,28839261.0
2019-06-10,8743.0,8767.7,8631.04,8733.12,35932314.0
2019-06-11,8710.07,8902.72,8622.81,8882.96,70345156.0
2019-06-12,8861.55,8863.2,8645.86,8690.31,48630704.0
2019-06-13,8627.75,8629.39,8359.36,8441.69,68976808.0
2019-06-14,8443.34,8552.01,8410.41,8423.58,32945834.0
2019-06-17,8430.17,8504.26,8326.43,8354.43,38691309.0
2019-06-18,8374.18,8431.81,8300.09,8402.17,28522558.0
2019-06-19,8603.05,8723.25,8563.53,8580.0,57329404.0
2019-06-20,8580.0,8934.0,8565.18,8891.19,72059196.0
2019-06-21,8948.82,9022.91,8761.11,8777.58,54778165.0
2019-06-24,8858.26,9034.44,8775.93,8948.82,50235311.0
2019-06-25,8948.82,8999.86,8757.82,8907.65,41615080.0
2019-06-26,8818.74,8989.98,8813.8,8968.58,30717055.0
2019-06-27,9006.45,9138.17,8973.52,9054.19,41458493.0
2019-06-28,9080.54,9115.12,8943.88,9055.84,26937806.0
2019-07-01,9260.01,9714.45,9250.13,9646.94,87895488.0
2019-07-02,9604.13,9706.22,9584.37,9643.65,44028866.0
2019-07-03,9595.9,9632.12,9368.68,9439.48,40891086.0
2019-07-04,9483.94,9576.14,9291.29,9365.39,37364879.0
2019-07-05,9398.32,9579.43,9343.98,9566.26,30627920.0
2019-07-08,9500.4,9506.99,9202.38,9299.53,40525020.0
2019-07-09,9301.17,9365.39,9139.81,9218.85,24496735.0
2019-07-10,9309.4,9329.16,9180.98,9268.24,24756619.0
2019-07-11,9357.15,9479.0,9179.33,9220.49,40924543.0
2019-07-12,9220.49,9363.74,9151.34,9299.53,29430754.0
2019-07-15,9202.38,9319.28,8989.98,9200.73,43097748.0
2019-07-16,9220.49,9235.31,8996.57,9024.56,37620864.0
2019-07-17,9009.74,9021.26,8907.65,8978.46,28145938.0
2019-07-18,8971.87,8973.52,8841.79,8957.05,28354936.0
2019-07-19,9006.45,9021.26,8894.48,8924.12,37702991.0
2019-07-22,8924.12,8973.52,8813.8,8891.19,21306432.0
2019-07-23,8892.84,8957.05,8859.91,8957.05,22905722.0
2019-07-24,9003.15,9146.4,8983.39,9016.32,35588642.0
2019-07-25,9016.32,9113.47,8958.7,9075.6,22567722.0
2019-07-26,9008.09,9148.05,9001.51,9131.58,25461600.0
2019-07-29,9129.93,9167.8,8924.12,8993.27,35937720.0
2019-07-30,8996.57,9105.24,8957.05,9069.01,27330263.0
2019-07-31,9106.88,9202.38,9039.38,9070.66,28726324.0
2019-08-01,9055.84,9055.84,8789.11,8838.5,48295672.0
2019-08-02,8561.89,8830.27,8448.28,8797.34,41159955.0
2019-08-05,8792.4,8858.26,8670.56,8723.25,39492869.0
2019-08-06,8574.13,8692.74,8311.48,8630.05,53200343.0
2019-08-07,8658.85,8718.16,8516.52,8518.21,24240284.0
2019-08-08,8557.18,8716.47,8543.63,8641.91,29627086.0
2019-08-09,8646.99,8691.05,8418.24,8462.29,39173018.0
2019-08-12,8438.57,8555.49,8404.68,8536.85,23565461.0
2019-08-13,8582.6,8862.19,8582.6,8702.91,49899952.0
2019-08-14,8935.06,8980.81,8726.63,8736.8,32371561.0
2019-08-15,8567.35,8701.22,8499.57,8692.74,22672742.0
2019-08-16,8675.8,8757.13,8574.13,8684.27,28994905.0
2019-08-19,8777.47,8896.08,8735.11,8882.53,34439780.0
2019-08-20,8879.14,8996.06,8814.75,8945.22,31705827.0
2019-08-21,8913.03,9353.6,8909.64,9241.76,66428454.0
2019-08-22,9318.01,9395.96,9236.68,9299.37,36852326.0
2019-08-23,9336.65,9385.79,9236.68,9301.07,32590986.0
2019-08-26,9058.75,9231.59,9024.86,9179.06,33886436.0
2019-08-27,9219.73,9487.46,9219.73,9379.01,47237259.0
2019-08-28,9451.88,9453.57,9321.4,9373.93,24339573.0
2019-08-29,9404.43,9445.1,9153.65,9282.43,30243057.0
2019-08-30,9373.93,9480.68,9323.1,9404.43,41023831.0
2019-09-02,9650.13,9797.55,9607.77,9738.25,68428871.0
2019-09-03,9897.53,9900.92,9675.55,9794.16,51197807.0
2019-09-04,9792.47,10141.53,9709.44,10141.53,64438069.0
2019-09-05,10151.7,10261.84,9965.31,9975.47,48304061.0
2019-09-06,10031.39,10031.39,9828.05,9963.61,38505025.0
2019-09-09,10029.7,10148.31,9997.5,10055.12,37594350.0
2019-09-10,10133.06,10187.29,10038.17,10065.28,24697865.0
2019-09-11,10065.28,10072.06,9829.75,9946.67,31035493.0
2019-09-12,10009.36,10131.37,10007.67,10100.87,27492619.0
2019-09-16,10077.14,10082.23,9916.17,9985.64,21797160.0
2019-09-17,9985.64,9985.64,9709.44,9760.27,30747274.0
2019-09-18,9829.75,9912.78,9780.61,9865.33,17746711.0
2019-09-19,9963.61,10073.76,9841.61,9911.08,27851670.0
2019-09-20,9914.47,9926.33,9763.66,9834.83,23762232.0
2019-09-23,9895.83,9902.61,9658.6,9778.91,21558059.0
2019-09-24,9838.22,9931.42,9760.27,9855.17,22127577.0
2019-09-25,9807.72,9861.94,9773.83,9797.55,15651474.0
2019-09-26,9828.05,9885.67,9690.8,9763.66,19327108.0
2019-09-27,9763.66,9789.08,9550.16,9641.66,22351001.0
2019-09-30,9641.66,9841.61,9587.44,9709.44,22611865.0
2019-10-08,9743.33,9980.56,9689.11,9853.47,26662839.0
2019-10-09,9828.05,9858.55,9658.6,9661.99,21980778.0
2019-10-10,9658.6,9838.22,9575.57,9778.91,21612513.0
2019-10-11,9894.14,9943.28,9750.11,9924.64,29427423.0
2019-10-14,10031.39,10097.48,9895.83,9946.67,22992186.0
2019-10-15,9944.97,10022.92,9853.47,9980.56,17720436.0
2019-10-16,9980.56,10095.78,9912.78,10000.89,21181293.0
2019-10-17,9980.56,9990.73,9841.61,9870.42,18251814.0
2019-10-18,9912.78,9997.5,9775.52,9794.16,21160901.0
2019-10-21,9780.61,9938.2,9726.38,9902.61,14817663.0
2019-10-22,9995.81,9997.5,9845.0,9965.31,16834937.0
2019-10-23,9982.25,10053.42,9916.17,9951.75,16097186.0
2019-10-24,9946.67,9985.64,9834.83,9858.55,15531165.0
2019-10-25,9892.44,9897.53,9495.93,9684.02,47698396.0
2019-10-28,9684.02,9772.14,9567.1,9641.66,24127334.0
2019-10-29,9912.78,10173.73,9702.66,10063.59,80580401.0
2019-10-30,10117.81,10233.04,9887.36,9941.58,41022862.0
2019-10-31,9829.75,10034.78,9828.05,9946.67,36031249.0
2019-11-01,9997.5,10912.53,9968.7,10807.47,117531572.0
2019-11-04,10861.69,11010.81,10710.88,10921.0,57382773.0
2019-11-05,10922.7,11041.31,10760.02,10858.3,53592751.0
2019-11-06,10861.69,10921.0,10736.3,10760.02,33586554.0
2019-11-07,10793.91,10810.86,10641.41,10795.61,31761678.0
2019-11-08,10844.75,10951.5,10709.19,10778.66,34120324.0
2019-11-11,10556.69,10582.1,10285.57,10365.21,68135187.0
2019-11-12,10133.06,10180.51,9933.11,10024.61,63653713.0
2019-11-13,10073.76,10087.31,9909.39,9972.09,36477612.0
2019-11-14,10028.0,10090.7,9943.28,10019.53,35394497.0
2019-11-15,10073.76,10080.53,9946.67,9973.78,20210432.0
2019-11-18,9961.92,9995.81,9878.89,9995.81,22598461.0
2019-11-19,10028.0,10161.87,9982.25,10075.45,35236916.0
2019-11-20,10048.34,10065.28,9951.75,9973.78,22170600.0
2019-11-21,9914.47,9914.47,9663.69,9734.86,43953533.0
2019-11-22,9743.33,9850.08,9523.05,9611.16,36853490.0
2019-11-25,9611.16,9800.94,9550.16,9795.86,35129885.0
2019-11-26,9863.64,9956.84,9802.64,9919.56,34575480.0
2019-11-27,9794.16,9811.11,9641.66,9767.05,34987041.0
2019-11-28,9778.91,9931.42,9778.91,9904.31,29821772.0
2019-11-29,9892.44,9960.22,9650.13,9778.91,33734840.0
2019-12-03,10166.95,10368.6,10031.39,10302.51,90032586.0
2019-12-04,10299.12,10753.25,10229.65,10604.13,78496569.0
2019-12-05,10624.47,10683.77,10475.35,10551.6,45272936.0
2019-12-06,10566.85,10654.97,10509.24,10571.94,31248306.0
2019-12-09,10571.94,10649.88,10488.91,10531.27,29023155.0
2019-12-10,10580.41,10582.1,10455.02,10532.96,23523685.0
2019-12-11,10592.27,10605.83,10356.74,10404.18,29139937.0
2019-12-12,10471.96,10505.85,10356.74,10417.74,20259366.0
2019-12-13,10488.91,10741.39,10488.91,10673.61,44235877.0
2019-12-16,10739.69,10785.44,10627.85,10692.24,30559075.0
2019-12-17,10692.24,10931.17,10676.99,10863.39,39262639.0
2019-12-18,10910.83,11200.59,10865.08,10907.45,45151830.0
2019-12-19,10954.89,11098.92,10914.22,11014.2,28146343.0
2019-12-20,11012.5,11085.37,10900.67,10931.17,23427839.0
2019-12-23,11026.06,11115.87,10929.47,10929.47,33770991.0
2019-12-24,11002.34,11097.23,10956.59,11017.59,19121619.0
2019-12-25,11014.2,11046.39,10870.17,10912.53,19837240.0
2019-12-26,10922.7,10980.31,10887.11,10976.92,16533953.0
2019-12-27,11039.62,11142.98,10912.53,10934.56,24979335.0
2019-12-30,10941.34,11132.81,10853.22,11112.48,26457981.0
2019-12-31,11073.51,11159.92,10980.31,11112.48,20930799.0
2020-01-02,11181.95,11537.8,11166.7,11505.6,46361443.0
2020-01-03,11586.94,11641.16,11336.15,11370.04,36870373.0
2020-01-06,11319.21,11364.96,11014.2,11163.31,46780255.0
2020-01-07,11212.45,11446.29,11183.65,11407.32,41076595.0
2020-01-08,11285.32,11805.53,11285.32,11658.11,48780896.0
2020-01-09,11803.83,11956.34,11702.16,11841.11,34853812.0
2020-01-10,11863.14,11954.64,11763.16,11819.08,20032474.0
2020-01-13,11847.89,11895.33,11719.11,11820.78,27115151.0
2020-01-14,11869.92,11936.0,11759.77,11829.25,21307675.0
2020-01-15,11883.47,11888.56,11602.19,11675.05,27853363.0
2020-01-16,11749.61,11749.61,11342.93,11407.32,45958549.0
2020-01-17,11520.85,11617.44,11429.35,11507.3,30055306.0
2020-01-20,11573.38,11588.63,11358.18,11581.85,25946658.0
2020-01-21,11488.66,11488.66,11234.48,11268.37,37020861.0
2020-01-22,11209.06,11370.04,10980.31,11292.09,39241238.0
2020-01-23,11171.79,11183.65,10763.41,10834.58,53157650.0
2020-02-03,9828.05,10505.85,9751.8,9958.53,109790930.0
2020-02-04,10161.87,10539.74,10105.95,10432.99,65983247.0
2020-02-05,10505.85,10760.02,10438.07,10649.88,56278881.0
2020-02-06,10760.02,10795.61,10455.02,10715.97,49492478.0
2020-02-07,10573.63,10641.41,10468.57,10570.24,47544410.0
2020-02-10,10505.85,10556.69,10382.15,10522.8,33848905.0
2020-02-11,10634.63,10921.0,10592.27,10831.19,44717625.0
2020-02-12,10826.11,10910.83,10638.02,10814.25,34994937.0
2020-02-13,10799.0,10909.14,10600.74,10658.35,38606706.0
2020-02-14,10607.52,10746.47,10558.38,10629.55,30018493.0
2020-02-17,10421.13,10714.27,10405.88,10695.63,51407393.0
2020-02-18,10675.3,10678.69,10488.91,10532.96,49901464.0
2020-02-19,10505.85,10556.69,10355.04,10449.93,39945190.0
2020-02-20,10488.91,10760.02,10460.1,10760.02,58676248.0
2020-02-21,10731.22,10731.22,10539.74,10614.3,54346991.0
2020-02-24,10526.18,10556.69,10390.63,10432.99,66204780.0
2020-02-25,10310.98,10310.98,10099.17,10209.31,73307798.0
2020-02-26,10031.39,10383.85,9997.5,10216.09,56646370.0
2020-02-27,10172.04,10353.35,10172.04,10287.26,35634798.0
2020-02-28,10072.06,10166.95,9895.83,10031.39,51370598.0
2020-03-02,10014.45,10229.65,9946.67,10172.04,50283937.0
2020-03-03,10334.71,10336.4,10060.2,10165.26,47456276.0
2020-03-04,10090.7,10150.01,10000.89,10136.45,42339393.0
2020-03-05,10253.37,10675.3,10141.53,10673.61,101844526.0
2020-03-06,10531.27,10607.52,10388.93,10417.74,50353322.0
2020-03-09,10166.95,10166.95,9997.5,10036.48,58723190.0
2020-03-10,9995.81,10366.9,9989.03,10297.43,54143802.0
2020-03-11,10299.12,10316.07,10092.39,10104.26,36194722.0
2020-03-12,9977.17,10005.98,9824.66,9865.33,49656245.0
2020-03-13,9390.87,9760.27,9319.71,9643.35,54346379.0
2020-03-16,9721.3,9723.0,9211.26,9218.04,56240633.0
2020-03-17,9099.42,9423.07,8802.89,8972.34,60590194.0
2020-03-18,8980.81,9348.51,8797.8,8885.92,70323091.0
2020-03-19,8743.58,8802.89,8201.34,8523.29,109883799.0
2020-03-20,8587.69,8777.47,8513.13,8738.5,63267049.0
2020-03-23,8472.46,8524.99,8316.57,8340.29,48467133.0
2020-03-24,8489.41,8709.69,8443.65,8665.63,60043635.0
2020-03-25,8980.81,9107.89,8926.58,9062.14,63587783.0
2020-03-26,8980.81,9124.84,8911.33,8952.0,35392957.0
2020-03-27,9124.84,9268.87,8860.5,8907.94,58661530.0
2020-03-30,8785.94,8833.39,8657.16,8824.91,37727448.0
2020-03-31,8962.17,8962.17,8830.0,8845.25,31237383.0
2020-04-01,8735.11,8963.86,8735.11,8809.66,35684224.0
2020-04-02,8723.25,8862.19,8621.58,8862.19,39875302.0
2020-04-03,8894.39,8896.08,8779.16,8804.58,30594728.0
2020-04-07,8979.11,9050.28,8899.47,8933.36,49804116.0
2020-04-08,8892.69,8896.08,8731.72,8777.47,43137244.0
2020-04-09,8823.22,8862.19,8769.0,8791.02,33019936.0
2020-04-10,8807.97,9356.99,8775.77,9106.2,77923258.0
2020-04-13,9319.71,9656.91,9299.37,9575.57,85781913.0
2020-04-14,9717.91,9760.27,9421.38,9556.94,61676496.0
2020-04-15,9285.82,9431.54,9116.37,9219.73,97474198.0
2020-04-16,9143.48,9328.18,9124.84,9316.32,49171857.0
2020-04-17,9368.85,9402.74,9245.15,9268.87,45970331.0
2020-04-20,9277.34,9301.07,9185.84,9231.59,36752123.0
2020-04-21,9218.04,9218.04,8980.81,9048.59,41966538.0
2020-04-22,8992.67,9184.15,8938.45,9184.15,32078808.0
2020-04-23,9184.15,9336.65,9184.15,9297.68,47484132.0
2020-04-24,9321.4,9336.65,9141.78,9175.67,28787951.0
2020-04-27,9146.87,9265.48,9085.87,9163.81,24465486.0
2020-04-28,9163.81,9336.65,9075.7,9318.01,40855500.0
2020-04-29,9284.12,9468.82,9258.7,9356.99,32044017.0
2020-04-30,9163.81,9431.54,9150.26,9280.73,63145363.0
2020-05-06,9119.76,9228.2,9119.76,9228.2,60318237.0
2020-05-07,9231.59,9314.62,9153.65,9167.2,43538631.0
2020-05-08,9202.79,9756.89,9148.56,9656.91,123373707.0
2020-05-11,9824.66,10036.48,9794.16,9863.64,87171582.0
2020-05-12,9931.42,10044.95,9836.53,9997.5,65911559.0
2020-05-13,9995.81,9995.81,9790.77,9894.14,48190420.0
2020-05-14,9897.53,10058.5,9889.06,9924.64,40248472.0
2020-05-15,9997.5,10000.89,9777.22,9816.19,38278425.0
2020-05-18,9828.05,9902.61,9658.6,9826.36,40813065.0
2020-05-19,9997.5,9997.5,9812.8,9831.44,35141548.0
2020-05-20,9828.05,9828.05,9665.38,9723.0,37054258.0
2020-05-21,9777.22,9777.22,9617.94,9660.3,28257617.0
2020-05-22,9661.99,9663.69,9423.07,9424.76,39114075.0
2020-05-25,9428.15,9480.68,9216.34,9302.76,39373644.0
2020-05-26,9404.43,9641.66,9397.65,9638.27,44497025.0
2020-05-27,9624.71,9736.55,9489.16,9529.82,35057418.0
2020-05-28,9538.3,9760.27,9497.63,9628.1,41975732.0
2020-05-29,9541.68,9663.69,9526.43,9648.44,29169129.0
2020-06-01,9745.02,9872.11,9690.8,9822.97,57925071.0
2020-06-02,9977.17,9994.11,9778.91,9843.3,46837490.0
2020-06-03,9845.0,9911.08,9745.02,9831.44,45819960.0
2020-06-04,9929.72,10114.42,9895.83,10107.65,65622849.0
2020-06-05,10166.95,10338.1,10148.31,10195.76,58536642.0
2020-06-08,10434.68,10675.3,10336.4,10571.94,69837724.0
2020-06-09,10609.21,10615.99,10392.32,10492.29,42343080.0
2020-06-10,10583.8,10585.49,10316.07,10392.32,41414208.0
2020-06-11,10392.32,10395.78,10089.87,10183.19,50272548.0
2020-06-12,9946.42,10197.02,9863.46,10183.19,45814513.0
2020-06-15,10044.93,10117.52,9891.11,9901.48,43486456.0
2020-06-16,10024.19,10053.57,9903.21,9996.54,37333377.0
2020-06-17,9977.53,9987.9,9872.1,9984.44,34059687.0
2020-06-18,9937.77,10115.79,9937.77,10034.56,35416346.0
2020-06-19,10110.61,10195.29,10058.76,10169.37,55418363.0
2020-06-22,9991.35,10005.18,9825.43,9896.3,73739030.0
2020-06-23,9851.36,9903.21,9713.09,9718.28,71733841.0
2020-06-24,9730.38,9894.57,9730.38,9889.38,53712688.0
2020-06-29,9851.36,9853.09,9718.28,9758.03,37301744.0
2020-06-30,9809.88,9868.64,9709.64,9777.04,42914148.0
2020-07-01,9782.23,9989.62,9678.53,9922.22,72233256.0
2020-07-02,9884.2,10072.58,9834.08,10060.48,102071153.0
2020-07-03,10093.32,10283.44,10031.1,10100.24,93973703.0
2020-07-06,10050.11,10623.91,10006.91,10587.62,142141613.0
2020-07-07,10724.15,10888.34,10378.49,10383.68,146240576.0
2020-07-08,10369.85,10508.12,10136.53,10281.71,127042154.0
2020-07-09,10305.9,10350.84,10224.67,10338.74,104182511.0
2020-07-10,10459.72,10575.52,10176.28,10195.29,120513278.0
2020-07-13,10231.59,10331.83,10114.06,10274.79,124377102.0
2020-07-14,10271.34,10330.1,10024.19,10114.06,94871962.0
2020-07-15,10024.19,10283.44,9939.5,10141.71,113275617.0
2020-07-16,10197.02,10283.44,9588.66,9676.8,124051109.0
2020-07-17,9816.79,9937.77,9756.3,9887.65,76939167.0
2020-07-20,9887.65,10216.03,9770.13,10184.92,88620390.0
2020-07-21,10241.96,10333.56,10091.59,10181.47,68467522.0
2020-07-22,10197.02,10413.06,10188.38,10286.89,94278638.0
2020-07-23,10300.72,10421.7,10120.98,10385.41,93755412.0
2020-07-24,10295.53,10316.27,9780.5,9879.01,101520091.0
2020-07-27,9911.85,10001.72,9747.66,9813.34,53875430.0
2020-07-28,9920.49,9937.77,9777.04,9846.17,44074090.0
2020-07-29,9846.17,10369.85,9816.79,10266.15,143014000.0
2020-07-30,10350.84,10350.84,9894.57,9934.32,123686229.0
2020-07-31,9913.58,9946.42,9756.3,9835.8,115564496.0
2020-08-03,9879.01,9960.24,9827.16,9906.66,82389786.0
2020-08-04,9923.95,9942.96,9813.34,9880.74,75142989.0
2020-08-05,9821.98,9868.64,9764.94,9825.43,59413552.0
2020-08-06,9796.05,9821.98,9645.69,9716.55,70954068.0
2020-08-07,9690.63,9768.4,9590.38,9721.74,66863316.0
2020-08-10,9720.01,9756.3,9612.85,9730.38,56139598.0
2020-08-11,9764.94,9825.43,9645.69,9656.06,54666547.0
2020-08-12,9618.04,9681.98,9512.61,9633.59,60200918.0
2020-08-13,9661.25,9745.93,9635.32,9640.51,34203870.0
2020-08-14,9640.51,9728.65,9593.84,9721.74,31724476.0
2020-08-17,9721.74,9882.47,9678.53,9816.79,67772412.0
2020-08-18,9780.5,9811.61,9661.25,9681.98,61849450.0
2020-08-19,9652.6,9652.6,9536.81,9538.54,50098471.0
2020-08-20,9498.78,9498.78,9336.32,9355.33,62631331.0
2020-08-21,9497.06,9498.78,9334.59,9370.89,38246503.0
2020-08-24,9421.01,9455.58,9332.87,9357.06,45509578.0
2020-08-25,9336.32,9407.18,9336.32,9382.99,35115499.0
2020-08-26,9384.72,9429.65,9160.04,9229.17,61686565.0
2020-08-27,9229.17,9241.27,9051.15,9149.67,52794831.0
2020-08-28,9161.76,9516.07,9139.3,9512.61,82688619.0
2020-08-31,9669.89,9730.38,9379.53,9419.28,74345155.0
2020-09-01,9384.72,9488.41,9339.78,9462.49,32527930.0
2020-09-02,9536.81,9555.82,9338.05,9424.47,38087260.0
2020-09-03,9495.33,9526.44,9412.37,9462.49,48893478.0
2020-09-04,9381.26,9505.7,9306.94,9476.32,37360185.0
2020-09-07,9505.7,9643.96,9476.32,9507.43,56450197.0
2020-09-08,9554.09,9602.48,9505.7,9588.66,41897242.0
2020-09-09,9453.85,9548.91,9346.69,9419.28,36494736.0
2020-09-10,9448.66,9478.04,9403.73,9436.57,34310821.0
2020-09-11,9450.39,9522.98,9386.44,9481.5,32475203.0
2020-09-14,9497.06,9628.41,9481.5,9554.09,25777547.0
2020-09-15,9554.09,9692.35,9503.97,9638.78,43682624.0
2020-09-16,9638.78,9668.16,9497.06,9514.34,33530584.0
2020-09-17,9512.61,9555.82,9457.3,9471.13,27868080.0
2020-09-18,9540.26,9630.14,9472.86,9618.04,33810238.0
2020-09-21,9635.32,9842.72,9624.95,9773.59,68578241.0
2020-09-22,9704.45,9758.03,9554.09,9592.11,33698049.0
2020-09-23,9592.11,9624.95,9514.34,9593.84,24325856.0
2020-09-24,9526.44,9550.63,9353.61,9389.9,31425891.0
2020-09-25,9393.36,9429.65,9331.14,9351.88,24854488.0
2020-09-28,9353.61,9410.64,9160.04,9163.49,46381353.0
2020-09-29,9229.17,9265.46,9170.41,9170.41,29349466.0
2020-09-30,9187.69,9232.62,9165.22,9211.88,22717205.0
2020-10-09,9414.1,9540.26,9351.88,9462.49,48033764.0
2020-10-12,9509.15,9661.25,9509.15,9647.42,41148508.0
2020-10-13,9647.42,9685.44,9592.11,9662.97,24589778.0
2020-10-14,9927.4,10020.73,9854.82,9955.06,105344906.0
2020-10-15,9977.53,10105.42,9956.79,10013.82,68250028.0
2020-10-16,10024.19,10159.0,9930.86,9972.34,47393523.0
2020-10-19,10050.11,10082.95,9885.93,9894.57,36508836.0
2020-10-20,9941.23,9999.99,9885.93,9963.7,28263303.0
2020-10-21,10024.19,10110.61,9906.66,10024.19,40481052.0
2020-10-22,10015.55,10145.17,9896.3,10127.89,51206321.0
2020-10-23,10159.0,10162.45,10038.02,10079.5,37380071.0
2020-10-26,10076.04,10162.45,9958.51,10057.03,33553983.0
2020-10-27,10058.76,10110.61,9885.93,9891.11,32955304.0
2020-10-28,9891.11,9989.62,9860.0,9896.3,31676747.0
2020-10-29,9782.23,10072.58,9737.29,9960.24,47239897.0
2020-10-30,10024.19,10293.81,10022.46,10098.51,79267809.0
2020-11-02,10041.47,10482.19,10041.47,10402.69,82520570.0
2020-11-03,10411.33,10430.34,10243.69,10375.04,49374257.0
2020-11-04,10447.63,10841.68,10430.34,10746.62,91074682.0
2020-11-05,10871.06,11099.2,10786.37,10853.78,69541553.0
2020-11-06,10973.03,11493.25,10888.34,11472.51,108598632.0
2020-11-09,11743.86,11973.72,11475.97,11674.72,93232831.0
2020-11-10,11631.52,11631.52,11294.5,11382.64,60427872.0
2020-11-11,11356.72,11555.47,11159.69,11374.0,49063011.0
2020-11-12,11496.85,11774.13,11493.34,11647.78,51561805.0
2020-11-13,11538.97,11684.63,11409.1,11628.47,44570665.0
2020-11-16,11849.6,11932.08,11512.64,11723.24,40244531.0
2020-11-17,11698.67,12197.08,11667.08,12004.04,60831533.0
2020-11-18,11951.39,12021.59,11581.09,11703.93,52482888.0
2020-11-19,11705.69,11993.51,11705.69,11916.29,51061352.0
2020-11-20,11919.8,11984.73,11740.79,11916.29,38351303.0
2020-11-23,11930.33,11986.49,11802.21,11977.71,46254238.0
2020-11-24,12021.59,12054.93,11603.9,11723.24,50330930.0
2020-11-25,11760.09,11907.51,11698.67,11728.5,33198075.0
2020-11-26,11846.09,11926.82,11579.33,11661.82,36685810.0
2020-11-27,11663.57,11814.5,11586.35,11698.67,27054195.0
2020-11-30,11807.48,11963.67,11686.38,11695.16,43415990.0
2020-12-01,11617.94,11793.44,11554.76,11793.44,34692992.0
2020-12-02,11912.78,12247.98,11793.44,12202.35,74760101.0
2020-12-03,12098.8,12214.63,11803.97,12021.59,55285651.0
2020-12-04,12021.59,12123.37,11909.27,12109.33,33579371.0
2020-12-07,12061.95,12100.56,11898.74,11933.84,30614271.0
2020-12-08,12025.1,12028.6,11495.09,11523.17,57070900.0
2020-12-09,11516.15,11516.15,10970.35,10987.9,72927772.0
2020-12-10,11058.1,11193.24,11008.96,11026.51,41285201.0
2020-12-11,11144.1,11230.09,11035.29,11196.75,39857593.0
2020-12-14,11196.75,11230.09,10970.35,11014.23,30817278.0
2020-12-15,10880.85,10898.4,10635.15,10703.6,75961321.0
2020-12-16,10705.35,10842.24,10617.6,10710.62,67090874.0
2020-12-17,10735.19,10856.28,10549.16,10812.41,52370703.0
2020-12-18,10815.92,10882.61,10715.88,10770.29,35606623.0
2020-12-21,10724.66,10728.17,10564.96,10652.7,48688161.0
2020-12-22,10635.15,10700.09,10508.8,10549.16,44334856.0
2020-12-23,10512.31,10631.64,10468.43,10556.18,41634389.0
2020-12-24,10668.5,10728.17,10503.53,10540.39,30092212.0
2020-12-25,10526.35,10526.35,10342.07,10391.21,33872995.0
2020-12-28,10392.97,10698.33,10299.95,10635.15,47450431.0
2020-12-29,10638.66,10838.73,10573.73,10682.54,32934223.0
2020-12-30,10670.25,10752.74,10589.52,10752.74,34484268.0
2020-12-31,10684.29,10949.29,10670.25,10870.32,43939294.0
2021-01-04,10845.75,11114.26,10810.65,11038.8,54903578.0
2021-01-05,10944.03,11500.36,10944.03,11452.97,70088887.0
2021-01-06,11582.84,11719.73,11177.44,11244.13,52170379.0
2021-01-07,11242.38,11414.36,11144.1,11354.69,46475055.0
2021-01-08,11400.32,11647.78,11231.85,11354.69,49950205.0
2021-01-11,11254.66,11386.28,10917.71,10959.82,58182903.0
2021-01-12,10898.4,11245.89,10896.65,11172.18,44731442.0
2021-01-13,11231.85,11582.84,11189.73,11393.3,57162721.0
2021-01-14,11410.85,11507.38,11056.35,11077.41,44703512.0
2021-01-15,11007.21,11177.44,10935.25,11126.55,34537150.0
2021-01-18,11056.35,11266.95,10986.15,11189.73,38390498.0
2021-01-19,11182.71,11423.14,10996.68,11042.31,40845405.0
2021-01-20,11019.49,11030.02,10686.05,10705.35,60848099.0
2021-01-21,10684.29,10912.44,10635.15,10768.53,49076291.0
2021-01-22,10758.0,10793.1,10485.98,10570.22,56839104.0
2021-01-25,10570.22,10668.5,10477.21,10533.37,52507666.0
2021-01-26,10494.76,10494.76,10284.16,10354.36,46356422.0
2021-01-27,10354.36,10610.58,10178.86,10426.31,53504324.0
2021-01-28,10291.18,10301.71,10043.73,10054.26,52287008.0
2021-01-29,10043.73,10142.01,9806.81,9880.51,49388880.0
2021-02-01,9917.37,10038.46,9783.99,9903.33,31769343.0
2021-02-02,9906.84,10471.94,9905.08,10464.92,67437831.0
2021-02-03,10526.35,10594.79,10249.06,10322.77,47406154.0
2021-02-04,10178.86,10422.8,10157.8,10282.4,30141987.0
2021-02-05,10266.61,10445.62,10240.28,10343.83,27993334.0
2021-02-08,10384.19,10507.04,10243.79,10326.28,32371043.0
2021-02-09,10354.36,10398.23,10084.09,10359.62,47029019.0
2021-02-10,10363.13,10758.0,10336.81,10615.85,56120470.0
2021-02-18,10714.13,10845.75,10473.7,10612.34,52660810.0
2021-02-19,10600.05,10793.1,10512.31,10710.62,40662851.0
2021-02-22,10547.41,10554.43,10168.33,10263.1,60749622.0
2021-02-23,10194.66,10263.1,9991.08,10012.14,54736080.0
2021-02-24,10092.87,10215.71,10003.36,10052.5,49243904.0
2021-02-25,10149.03,10615.85,10138.5,10503.53,79223818.0
2021-02-26,10371.91,10686.05,10333.3,10354.36,59131818.0
2021-03-01,10363.13,10696.58,10357.87,10605.32,49032424.0
2021-03-02,10686.05,10793.1,10501.78,10645.68,43600108.0
2021-03-03,10645.68,10649.19,10475.45,10564.96,31900104.0
2021-03-04,10493.0,10563.2,10301.71,10328.03,43308280.0
2021-03-05,10189.39,10284.16,10105.15,10201.68,34920904.0
2021-03-08,10252.57,10378.93,9917.37,9936.67,51361782.0
2021-03-09,9938.43,10331.54,9847.17,10178.86,60033488.0
2021-03-10,10247.3,10328.03,10163.07,10287.67,31218528.0
2021-03-11,10231.51,10389.46,10226.24,10282.4,30263702.0
2021-03-12,10282.4,10321.01,10213.96,10266.61,26073195.0
2021-03-15,10261.34,10321.01,10077.07,10140.25,30168745.0
2021-03-16,10354.36,10571.97,10285.91,10529.86,68604906.0
2021-03-17,10643.93,11110.75,10529.86,10915.95,83571760.0
2021-03-18,11042.31,11140.59,10793.1,10968.6,48516782.0
2021-03-19,10880.85,10880.85,10470.19,10529.86,55819039.0
2021-03-22,10538.63,10738.7,10459.66,10694.82,39575697.0
2021-03-23,10679.03,10880.85,10578.99,10777.31,38481259.0
2021-03-24,10775.55,10880.85,10717.64,10766.78,32399326.0
2021-03-25,10680.78,10815.92,10652.7,10772.04,25338726.0
2021-03-26,10986.15,11044.06,10736.94,10814.16,37839591.0
2021-03-29,10870.32,11003.7,10789.59,10963.33,40946837.0
2021-03-30,10965.09,10968.6,10777.31,10898.4,27420306.0
2021-03-31,10931.75,11103.73,10865.06,11003.7,36590634.0
2021-04-01,11001.94,11056.35,10877.34,11008.96,21812025.0
2021-04-02,11052.84,11144.1,10915.95,10958.07,27760233.0
2021-04-06,10959.82,11001.94,10705.35,10763.27,24198358.0
2021-04-07,10879.1,10898.4,10684.29,10824.69,23994960.0
2021-04-08,10819.43,10877.34,10731.68,10854.53,15721246.0
2021-04-09,10896.65,10912.44,10650.95,10819.43,23815344.0
2021-04-12,10801.88,10851.02,10473.7,10564.96,23305064.0
2021-04-13,10600.05,10617.6,10303.46,10384.19,24392820.0
2021-04-14,10443.86,10556.18,10408.76,10515.82,18663520.0
2021-04-15,10705.35,10938.76,10596.54,10622.87,48350030.0
2021-04-16,10828.2,10859.79,10533.37,10684.29,32841159.0
2021-04-19,10687.8,10768.53,10591.28,10684.29,29084209.0
2021-04-20,10672.01,10673.76,10468.43,10526.35,34338610.0
2021-04-21,10442.11,10526.35,10366.64,10463.17,22207693.0
2021-04-22,10478.96,10512.31,10312.24,10373.66,26844357.0
2021-04-23,10407.01,10564.96,10364.89,10496.51,27949161.0
2021-04-26,10524.59,10528.1,10257.83,10266.61,42065369.0
2021-04-27,10266.61,10306.97,10094.62,10175.35,31695564.0
2021-04-28,10266.61,10294.69,10071.81,10189.39,27710952.0
2021-04-29,10443.86,10647.44,10215.71,10443.86,82288716.0
2021-04-30,10573.73,10635.15,10410.52,10514.06,50033512.0
2021-05-06,10468.43,10596.54,10461.41,10522.84,33612713.0
2021-05-07,10573.73,10728.17,10380.68,10452.64,36528167.0
2021-05-10,10424.56,10501.78,10340.32,10501.78,29204133.0
2021-05-11,10426.31,10528.1,10392.97,10512.31,19644907.0
2021-05-12,10512.31,10547.41,10187.64,10368.4,38783902.0
2021-05-13,10275.38,10301.71,10047.24,10070.05,42631676.0
2021-05-14,10003.36,10134.99,9929.65,10133.23,44842349.0
2021-05-17,10134.99,10319.26,10096.38,10229.75,36004033.0
2021-05-18,10233.26,10298.2,10131.48,10166.58,23780945.0
2021-05-19,10161.31,10164.82,10040.22,10075.32,22997505.0
2021-05-20,10163.07,10212.2,10071.81,10178.86,29461064.0
2021-05-21,10203.43,10278.89,10073.56,10091.11,28266741.0
2021-05-24,10043.73,10045.48,9945.45,9968.26,35729612.0
2021-05-25,9862.96,9915.61,9599.72,9808.56,112779263.0
2021-05-26,9810.32,9892.8,9708.53,9861.21,47618606.0
2021-05-27,10266.61,10401.74,10112.17,10185.88,95635438.0
2021-05-28,10178.86,10178.86,9968.26,10001.61,64862635.0
2021-05-31,10013.89,10040.22,9806.81,9880.51,56053396.0
2021-06-01,9880.51,9920.88,9820.85,9880.51,34078014.0
2021-06-02,9880.51,9896.31,9813.83,9836.64,32203750.0
2021-06-03,9861.21,9915.61,9824.36,9824.36,38526612.0
2021-06-04,9824.36,9877.0,9750.65,9824.36,30928663.0
2021-06-07,9815.58,9815.58,9680.45,9715.55,40618895.0
2021-06-08,9705.02,9773.46,9645.35,9692.73,28603661.0
2021-06-09,9678.69,9731.34,9661.14,9692.73,30478659.0
2021-06-10,9692.73,9708.53,9652.37,9654.12,39750717.0
2021-06-11,9657.63,9678.69,9538.29,9585.68,42287234.0
2021-06-15,9590.94,9719.06,9547.07,9717.3,45788692.0
2021-06-16,9720.81,9822.6,9655.88,9683.96,31422940.0
2021-06-17,9687.47,9687.47,9564.62,9599.72,29167028.0
2021-06-18,9599.72,9636.57,9418.96,9420.71,50755026.0
2021-06-21,9210.11,9210.11,8950.38,8969.68,111265588.0
2021-06-22,8971.44,9013.56,8687.13,8743.29,107895588.0
2021-06-23,8748.55,9076.74,8745.05,9076.74,86754969.0
2021-06-24,9089.02,9101.31,8894.22,9029.35,47409864.0
2021-06-25,9038.13,9224.15,8978.46,9166.24,47818455.0
2021-06-28,9459.32,9557.6,9189.05,9241.7,52555025.0
2021-06-29,9234.68,9234.68,8932.83,8980.21,47667186.0
2021-06-30,9055.68,9176.77,8980.21,9143.42,29513260.0
2021-07-01,9146.93,9213.62,8967.93,9101.31,35377220.0
2021-07-02,8985.48,9036.37,8836.3,8948.62,47088482.0
2021-07-05,8950.38,8985.48,8720.48,8755.57,48646874.0
2021-07-06,8695.91,8820.51,8666.07,8794.18,35295781.0
2021-07-07,8745.05,8964.42,8745.05,8808.22,36427130.0
2021-07-08,8825.77,8825.77,8599.38,8634.48,56559795.0
2021-07-09,8634.48,8676.6,8458.98,8652.03,40565516.0
2021-07-12,8722.23,8739.78,8566.04,8585.34,38015124.0
2021-07-13,8625.71,8716.97,8511.63,8669.58,36884269.0
2021-07-14,8652.03,8757.33,8566.04,8704.68,45530753.0
2021-07-15,8616.93,8739.78,8597.63,8687.13,38032397.0
2021-07-16,8687.13,8802.96,8634.48,8773.12,43810409.0
2021-07-19,8827.53,9078.49,8774.88,9034.62,72400272.0
2021-07-20,9011.8,9115.34,8897.73,8985.48,46338532.0
2021-07-21,8985.48,9036.37,8757.33,8766.1,49884429.0
2021-07-22,8739.78,8853.85,8687.13,8766.1,39026330.0
2021-07-23,8757.33,8759.08,8595.87,8602.89,45042135.0
2021-07-26,8564.28,8569.55,8350.18,8358.95,65575533.0
2021-07-27,8420.37,8441.43,8195.74,8206.27,62982578.0
2021-07-28,8160.64,8437.92,8100.97,8336.14,56206051.0
2021-07-29,8418.62,8455.47,8320.34,8346.67,46480637.0
2021-07-30,8285.24,8367.73,8160.64,8336.14,40302543.0
2021-08-02,8271.2,8581.83,8178.19,8467.76,52314589.0
2021-08-03,8406.33,8687.13,8372.99,8636.24,58606350.0
2021-08-04,8757.33,8757.33,8473.02,8513.39,52420801.0
2021-08-05,8444.94,8650.28,8432.66,8444.94,34844584.0
2021-08-06,8458.98,8469.51,8320.34,8378.26,27849370.0
2021-08-09,8336.14,8567.79,8316.83,8506.37,41586777.0
2021-08-10,8439.68,8527.43,8353.69,8511.63,35984735.0
2021-08-11,8536.2,8639.75,8406.33,8432.66,48719161.0
2021-08-12,8427.39,8466.0,8188.72,8208.02,65866726.0
2021-08-13,8209.78,8239.61,8102.72,8164.15,39195008.0
2021-08-16,8222.06,8455.47,8192.23,8422.13,61536863.0
2021-08-17,8439.68,8458.98,8257.16,8269.45,40945935.0
2021-08-18,8279.98,8378.26,8230.84,8360.71,32873879.0
2021-08-19,8343.16,8402.82,8250.14,8287.0,34357648.0
2021-08-20,8253.65,8267.69,7976.37,8090.44,72889342.0
2021-08-23,8218.34,8433.14,7990.47,8403.26,94271239.0
2021-08-24,8405.12,8588.17,8238.89,8306.13,61973416.0
2021-08-25,8345.35,8364.03,8268.77,8294.92,37301721.0
2021-08-26,8237.02,8237.02,8031.56,8057.71,54996625.0
2021-08-27,8031.56,8115.61,7996.08,7999.81,33754969.0
2021-08-30,8003.55,8024.09,7624.38,7658.0,82576878.0
2021-08-31,7695.36,7837.31,7527.26,7676.68,65468076.0
2021-09-01,7751.39,7822.37,7605.7,7781.28,90621797.0
2021-09-02,7781.28,7781.28,7501.11,7559.01,104376928.0
2021-09-03,7560.88,7635.59,7508.58,7581.42,81983523.0
2021-09-06,7631.85,7764.47,7611.31,7730.85,89379170.0
2021-09-07,7712.17,7813.03,7641.19,7798.09,70159754.0
2021-09-08,7770.07,7783.15,7708.43,7757.0,71079050.0
2021-09-09,7727.11,7805.56,7706.57,7743.92,48036806.0
2021-09-10,7751.39,7781.28,7682.28,7702.83,59032322.0
2021-09-13,7706.57,7730.85,7585.16,7620.65,59412607.0
2021-09-14,7648.66,7714.04,7502.97,7510.45,63968409.0
2021-09-15,7476.83,7480.56,7226.54,7282.57,107648800.0
2021-09-16,7247.09,7301.25,7133.15,7136.88,77409322.0
2021-09-17,7114.47,7168.64,6993.06,7146.22,72454537.0
2021-09-22,7017.35,7082.72,6993.06,7058.44,36804323.0
2021-09-23,7090.19,7187.32,7075.25,7118.21,51706366.0
2021-09-24,7097.66,7177.98,7050.97,7080.85,43610921.0
2021-09-27,7065.91,7331.14,7013.61,7179.84,74025028.0
2021-09-28,7116.34,7196.65,7045.36,7118.21,46611034.0
2021-09-29,7250.82,7396.51,7183.58,7340.48,104737322.0
2021-09-30,7338.61,7370.36,7234.01,7237.75,67332578.0
2021-10-08,7262.03,7463.75,7166.77,7435.73,82685450.0
2021-10-11,7469.35,7493.64,7385.3,7443.2,55819304.0
2021-10-12,7381.57,7448.81,7334.87,7366.62,43544252.0
2021-10-13,7325.53,7364.76,7194.79,7303.12,45331658.0
2021-10-14,7290.04,7344.21,7250.82,7280.71,27145697.0
2021-10-15,7280.71,7375.96,7248.95,7293.78,40225796.0
2021-10-18,7293.78,7303.12,7138.75,7164.9,39604481.0
2021-10-19,7135.02,7333.0,7129.41,7293.78,45212364.0
2021-10-20,7303.12,7340.48,7194.79,7205.99,35314668.0
2021-10-21,7205.99,7489.9,7176.11,7486.16,96608729.0
2021-10-22,7489.9,7669.21,7486.16,7596.36,106208914.0
2021-10-25,7480.56,7510.45,7310.59,7353.55,88501906.0
2021-10-26,7336.74,7389.04,7271.37,7280.71,52358763.0
2021-10-27,7097.66,7099.53,6836.17,6867.92,159121075.0
2021-10-28,6811.89,6864.18,6707.29,6817.49,62526929.0
2021-10-29,6815.62,6879.13,6729.7,6845.51,55777086.0
2021-11-01,6783.87,6965.05,6711.02,6905.28,63205279.0
2021-11-02,6895.94,6946.37,6746.51,6791.34,52088926.0
2021-11-03,6791.34,6826.83,6688.61,6776.4,42944962.0
2021-11-04,6778.27,6804.42,6709.16,6802.55,51186105.0
2021-11-05,6780.13,6864.18,6724.1,6791.34,44889821.0
2021-11-08,6725.97,6767.06,6703.55,6725.97,42417886.0
2021-11-09,6725.97,6755.85,6636.31,6649.39,52595435.0
2021-11-10,6630.71,6632.58,6369.22,6475.68,112307310.0
2021-11-11,6486.89,6746.51,6464.47,6746.51,123853844.0
2021-11-12,6767.06,6767.06,6593.35,6617.63,74252446.0
2021-11-15,6645.65,6778.27,6625.11,6740.91,57855616.0
2021-11-16,6767.06,6843.64,6742.78,6783.87,60632615.0
2021-11-17,6869.79,6909.01,6768.93,6785.74,54834802.0
2021-11-18,6767.06,6785.74,6669.93,6677.4,46228070.0
2021-11-19,6666.2,6731.57,6608.3,6707.29,48293262.0
2021-11-22,6696.08,6739.04,6651.26,6671.8,38002268.0
2021-11-23,6630.71,6720.36,6557.86,6705.42,53898686.0
2021-11-24,6705.42,6716.63,6634.44,6673.67,37931737.0
2021-11-25,6651.26,6739.04,6600.82,6608.3,43694681.0
2021-11-26,6593.35,6597.09,6556.0,6561.6,31058588.0
2021-11-29,6494.36,6505.57,6449.53,6468.21,42463194.0
2021-11-30,6477.55,6552.26,6436.46,6455.14,38807856.0
2021-12-01,6427.12,6572.81,6393.5,6570.94,44119093.0
2021-12-02,6537.32,6589.62,6492.49,6556.0,29998239.0
2021-12-03,6556.0,6584.01,6471.95,6533.58,36003323.0
2021-12-06,6518.64,6724.1,6509.3,6612.03,70954142.0
2021-12-07,6654.99,6843.64,6649.39,6841.77,109286243.0
2021-12-08,6860.45,6869.79,6729.7,6819.36,68748868.0
2021-12-09,6810.02,6989.33,6810.02,6886.6,102200855.0
2021-12-10,6836.17,6886.6,6770.79,6836.17,54164487.0
2021-12-13,6836.17,6974.39,6836.17,6849.24,65758977.0
2021-12-14,6890.33,6890.33,6744.65,6761.46,51639732.0
2021-12-15,6740.91,6785.74,6696.08,6705.42,41208897.0
2021-12-16,6714.76,6750.25,6662.46,6731.57,37944055.0
2021-12-17,6724.1,6724.1,6623.24,6630.71,42309705.0
2021-12-20,6612.03,6681.14,6580.28,6584.01,37916678.0
2021-12-21,6606.43,6742.78,6602.69,6697.95,47780525.0
2021-12-22,6703.55,6746.51,6626.97,6711.02,41570413.0
2021-12-23,6677.4,6720.36,6626.97,6669.93,30651996.0
2021-12-24,6671.8,6671.8,6584.01,6649.39,35083489.0
2021-12-27,6664.33,7022.95,6649.39,7021.08,139888858.0
2021-12-28,7021.08,7123.81,6935.16,7060.3,116218921.0
2021-12-29,7022.95,7030.42,6877.26,6877.26,72674514.0
2021-12-30,6892.2,6929.56,6849.24,6879.13,45854381.0
2021-12-31,6879.13,6946.37,6839.9,6916.48,41765621.0
2022-01-04,6916.48,7050.97,6881.0,7019.21,66231709.0
2022-01-05,7022.95,7424.53,6994.93,7293.78,182268902.0
2022-01-06,7293.78,7306.85,7168.64,7211.6,86819500.0
2022-01-07,7269.5,7545.93,7220.94,7497.37,164665655.0
2022-01-10,7497.37,7678.55,7433.87,7521.65,110096660.0
2022-01-11,7480.56,7611.31,7402.11,7463.75,66151341.0
2022-01-12,7463.75,7469.35,7286.31,7381.57,64504932.0
2022-01-13,7377.83,7471.22,7280.71,7303.12,51823072.0
2022-01-14,7284.44,7301.25,7138.75,7144.36,56627466.0
2022-01-17,7097.66,7209.73,7088.32,7200.39,44299736.0
2022-01-18,7191.05,7340.48,7103.26,7323.67,67021234.0
2022-01-19,7275.1,7435.73,7252.69,7368.49,66462107.0
2022-01-20,7372.23,7559.01,7359.15,7471.22,73776710.0
2022-01-21,7465.62,7489.9,7286.31,7303.12,50788578.0
2022-01-24,7284.44,7357.29,7176.11,7256.42,42720923.0
2022-01-25,7286.31,7488.03,7256.42,7263.9,70959225.0
2022-01-26,7263.9,7411.45,7198.52,7314.33,41862025.0
2022-01-27,7290.04,7290.04,6978.12,6985.59,74102395.0
2022-01-28,7004.27,7144.36,7002.4,7065.91,47644511.0
2022-02-07,7148.09,7205.99,7041.63,7138.75,40373283.0
2022-02-08,7138.75,7194.79,7067.78,7189.18,34640873.0
2022-02-09,7179.84,7258.29,7153.69,7205.99,41106873.0
2022-02-10,7267.63,7314.33,7211.6,7235.88,47658143.0
2022-02-11,7235.88,7499.24,7207.86,7452.54,87483158.0
2022-02-14,7523.52,7542.2,7291.91,7426.39,62338748.0
2022-02-15,7364.76,7407.72,7269.5,7310.59,45654967.0
2022-02-16,7288.18,7366.62,7275.1,7325.53,30780887.0
2022-02-17,7340.48,7340.48,7194.79,7217.2,42714367.0
2022-02-18,7172.37,7293.78,7153.69,7291.91,26360482.0
2022-02-21,7247.09,7280.71,7177.98,7252.69,33968072.0
2022-02-22,7191.05,7217.2,7065.91,7080.85,53047875.0
2022-02-23,7101.4,7151.83,7092.06,7142.49,29246588.0
2022-02-24,7125.68,7125.68,6894.07,6948.24,60824088.0
2022-02-25,6955.71,7002.4,6894.07,6942.63,42712684.0
2022-02-28,6944.5,6948.24,6759.59,6867.92,62730581.0
2022-03-01,6854.85,6923.95,6789.47,6879.13,42985840.0
2022-03-02,6817.49,6851.11,6795.08,6832.43,24595801.0
2022-03-03,6858.58,6866.05,6725.97,6742.78,46173839.0
2022-03-04,6697.95,6718.5,6634.44,6692.35,33962598.0
2022-03-07,6649.39,6656.86,6511.17,6516.77,48913310.0
2022-03-08,6514.91,6557.86,6328.12,6337.46,53916765.0
2022-03-09,6337.46,6397.23,5919.08,6227.26,78680338.0
2022-03-10,6440.19,6442.06,6210.45,6257.15,47489450.0
2022-03-11,6161.89,6329.99,6075.97,6313.18,36290880.0
2022-03-14,6206.72,6279.56,6163.76,6169.36,29943298.0
2022-03-15,6105.86,6105.86,5825.69,5827.55,62285447.0
2022-03-16,5904.13,5967.64,5724.82,5930.28,60634543.0
2022-03-17,6053.56,6122.67,5988.18,5990.05,65206207.0
2022-03-18,5939.62,6075.97,5909.74,6025.54,53326522.0
2022-03-21,6029.28,6062.9,5963.9,6006.86,40403581.0
2022-03-22,6003.13,6128.27,5978.85,6061.03,39439807.0
2022-03-23,6070.37,6087.18,5997.52,6044.22,29932041.0
2022-03-24,6014.33,6031.14,5967.64,5990.05,25595264.0
2022-03-25,6033.01,6033.01,5883.59,5887.32,40684758.0
2022-03-28,5801.4,5909.74,5743.5,5909.74,27766641.0
2022-03-29,5915.34,5926.55,5835.02,5842.5,20440905.0
2022-03-30,5861.17,5990.05,5861.17,5990.05,33152766.0
2022-03-31,5976.98,6070.37,5954.56,6033.01,36267599.0
2022-04-01,5995.66,6178.7,5950.83,6167.49,46824095.0
2022-04-06,6167.49,6240.34,6137.61,6199.25,39895155.0
2022-04-07,6173.1,6231.0,6117.06,6178.7,37262285.0
2022-04-08,6185.64,6204.87,6110.68,6191.41,34117729.0
2022-04-11,6210.63,6212.55,6074.16,6108.76,33534898.0
2022-04-12,6106.83,6304.82,6041.48,6239.47,38833496.0
2022-04-13,6224.09,6233.7,6141.43,6143.36,24479084.0
2022-04-14,6189.49,6264.45,6162.58,6245.23,30566174.0
2022-04-15,6170.27,6262.53,6170.27,6224.09,21834734.0
2022-04-18,6224.09,6224.09,6127.98,6151.04,20630954.0
2022-04-19,6151.04,6185.64,6029.95,6064.55,32515161.0
2022-04-20,6056.86,6214.48,6054.93,6099.15,29730688.0
2022-04-21,6099.15,6149.12,5960.75,5993.42,36272972.0
2022-04-22,5922.3,6183.72,5847.34,6145.28,43642904.0
2022-04-25,6076.08,6151.04,5901.16,5903.08,43933142.0
2022-04-26,5953.06,5974.2,5751.23,5766.6,42292456.0
2022-04-27,5728.16,5856.95,5699.33,5855.03,37264668.0
2022-04-28,5843.49,5889.63,5747.38,5826.19,35526715.0
2022-04-29,5835.8,6022.26,5824.27,5999.19,42062722.0
2022-05-05,6247.15,6579.7,6224.09,6577.77,122318223.0
2022-05-06,6485.51,6568.16,6441.3,6527.8,58693018.0
2022-05-09,6481.66,6502.81,6383.63,6414.39,33436835.0
2022-05-10,6341.34,6468.21,6285.6,6448.99,48929200.0
2022-05-11,6452.83,6481.66,6350.95,6400.93,49280212.0
2022-05-12,6345.19,6454.75,6310.59,6391.32,30357803.0
2022-05-13,6420.15,6489.35,6395.16,6445.14,32740133.0
2022-05-16,6525.87,6562.4,6377.86,6404.78,29514900.0
2022-05-17,6448.99,6468.21,6358.64,6412.46,23864945.0
2022-05-18,6420.15,6425.92,6293.29,6343.26,31287481.0
2022-05-19,6281.75,6324.04,6231.78,6289.44,28065002.0
2022-05-20,6316.35,6406.7,6304.82,6387.48,40834294.0
2022-05-23,6333.65,6333.65,6172.19,6224.09,55928603.0
2022-05-24,6193.33,6252.92,6110.68,6110.68,33508021.0
2022-05-25,6106.83,6118.37,6047.25,6106.83,26848798.0
2022-05-26,6108.76,6149.12,6026.1,6101.07,43233130.0
2022-05-27,6127.98,6181.8,6026.1,6060.7,43100411.0
2022-05-30,6074.16,6124.13,6062.62,6120.29,33978601.0
2022-05-31,6124.13,6187.57,6083.77,6183.72,42866332.0
2022-06-01,6185.64,6214.48,6074.16,6099.15,49628559.0
2022-06-02,6054.93,6074.16,5960.75,6058.78,46767568.0
2022-06-06,6058.78,6106.83,5985.74,6093.38,45885654.0
2022-06-07,6083.77,6139.51,6054.93,6135.67,42593389.0
2022-06-08,6151.04,6181.8,6070.31,6114.52,47973368.0
2022-06-09,6112.6,6124.13,6018.41,6018.41,40890640.0
2022-06-10,5978.05,6079.92,5968.44,6064.55,38328100.0
2022-06-13,6016.49,6041.48,5985.74,6020.33,30346118.0
2022-06-14,5978.05,6085.69,5966.51,6081.85,34798341.0
2022-06-15,6074.16,6277.91,6054.93,6218.32,92642752.0
2022-06-16,6193.33,6235.62,6127.98,6151.04,56230480.0
2022-06-17,6112.6,6331.73,6091.46,6275.99,90058945.0
2022-06-20,6314.43,6429.76,6302.9,6335.58,76111332.0
2022-06-21,6331.73,6439.37,6285.6,6377.86,80836374.0
2022-06-22,6381.71,6391.32,6154.89,6174.11,76962388.0
2022-06-23,6170.27,6201.02,6037.63,6199.1,105174327.0
2022-06-24,6285.6,6766.15,6227.93,6516.26,223327302.0
2022-06-27,6477.82,6506.65,6381.71,6391.32,161872825.0
2022-06-28,6395.16,6433.61,6297.13,6429.76,84843062.0
2022-06-29,6435.53,6523.95,6385.55,6395.16,87120694.0
2022-06-30,6399.01,6487.43,6362.49,6481.66,66359448.0
2022-07-01,6473.97,6489.35,6385.55,6429.76,38814554.0
2022-07-04,6431.69,6473.97,6393.24,6466.29,46022603.0
2022-07-05,6472.05,6552.78,6325.96,6375.94,59144363.0
2022-07-06,6406.7,6439.37,6275.99,6306.74,50162197.0
2022-07-07,6362.49,6420.15,6293.29,6322.12,51052663.0
2022-07-08,6343.26,6475.9,6300.98,6420.15,58767794.0
2022-07-11,6491.27,6602.76,6468.21,6533.56,92493971.0
2022-07-12,6516.26,6791.14,6497.04,6714.25,140146259.0
2022-07-13,6781.53,6887.25,6670.04,6721.94,95374938.0
2022-07-14,6804.59,6821.89,6504.73,6570.08,91597624.0
2022-07-15,6573.93,6660.43,6472.05,6477.82,62413397.0
2022-07-18,6458.6,6593.15,6350.95,6593.15,51834048.0
2022-07-19,6537.41,6602.76,6500.89,6550.86,33685526.0
2022-07-20,6577.77,6598.92,6522.03,6556.63,30884157.0
2022-07-21,6558.55,6558.55,6481.66,6525.87,28666092.0
2022-07-22,6512.42,6564.32,6431.69,6523.95,31044538.0
2022-07-25,6535.48,6600.84,6500.89,6579.7,43264133.0
2022-07-26,6577.77,6577.77,6506.65,6560.47,37713994.0
2022-07-27,6522.03,6535.48,6412.46,6422.07,43798455.0
2022-07-28,6427.84,6462.44,6397.09,6402.85,31283171.0
2022-07-29,6443.22,6468.21,6381.71,6393.24,39044597.0
2022-08-01,6381.71,6389.4,6308.67,6345.19,33758018.0
2022-08-02,6287.52,6289.44,6089.53,6124.13,56809236.0
2022-08-03,6112.6,6189.49,6093.38,6116.44,35914431.0
2022-08-04,6143.36,6199.1,6093.38,6181.8,37422116.0
2022-08-05,6242.48,6291.61,6160.58,6291.61,45230597.0
2022-08-08,6265.0,6291.61,6230.19,6254.76,27142442.0
2022-08-09,6252.71,6316.18,6240.43,6267.04,23596132.0
2022-08-10,6293.66,6299.8,6209.72,6228.14,19920462.0
2022-08-11,6244.52,6316.18,6240.43,6312.09,24273630.0
2022-08-12,6322.32,6344.84,6289.57,6324.37,22724972.0
2022-08-15,6346.89,6418.55,6295.71,6324.37,31641513.0
2022-08-16,6336.66,6353.03,6299.8,6318.23,19340727.0
2022-08-17,6322.32,6350.99,6232.24,6342.8,29399622.0
2022-08-18,6320.28,6322.32,6224.05,6230.19,34189050.0
2022-08-19,6232.24,6295.71,6224.05,6236.33,25770026.0
2022-08-22,6236.33,6295.71,6209.72,6242.48,25630601.0
2022-08-23,6224.05,6226.1,6172.86,6189.24,27698097.0
2022-08-24,6187.2,6209.72,6144.2,6150.34,27272590.0
2022-08-25,6168.77,6215.86,6121.68,6215.86,29018130.0
2022-08-26,6244.52,6265.0,6168.77,6172.86,22031309.0
2022-08-29,6125.77,6217.91,6111.44,6209.72,24428484.0
2022-08-30,6213.81,6291.61,6211.76,6254.76,23361682.0
2022-08-31,6531.16,6582.34,6453.36,6537.3,140150267.0
2022-09-01,6531.16,6877.16,6516.82,6725.66,157121345.0
2022-09-02,6776.84,6803.46,6654.0,6760.46,77126988.0
2022-09-05,6754.32,6868.98,6717.47,6830.07,59118117.0
2022-09-06,6830.07,6858.74,6705.18,6789.13,48622091.0
2022-09-07,6776.84,6787.08,6705.18,6750.23,40141228.0
2022-09-08,6766.61,6846.45,6737.94,6793.22,31630624.0
2022-09-09,6817.79,7155.61,6809.6,7098.28,111324975.0
2022-09-13,7098.28,7251.84,7055.29,7196.56,81335864.0
2022-09-14,7104.42,7174.04,7075.76,7149.47,41790710.0
2022-09-15,7165.85,7313.26,7124.9,7186.32,66657660.0
2022-09-16,7214.98,7296.88,7081.9,7081.9,57830871.0
2022-09-19,7096.23,7110.57,6920.16,7055.29,42370419.0
2022-09-20,7071.67,7135.14,6895.59,7002.06,42163778.0
2022-09-21,7002.06,7061.43,6907.88,7032.77,34376404.0
2022-09-22,6961.11,6969.3,6776.84,6780.94,52841550.0
2022-09-23,6780.94,6848.5,6705.18,6772.75,32682658.0
2022-09-26,6709.28,6848.5,6696.99,6727.71,29866372.0
2022-09-27,6715.42,6879.21,6676.52,6848.5,38365970.0
2022-09-28,6817.79,6848.5,6744.08,6756.37,25790222.0
2022-09-29,6764.56,6807.55,6654.0,6664.24,27608338.0
2022-09-30,6643.76,6719.52,6592.58,6639.67,24112060.0
2022-10-10,6674.47,6719.52,6561.87,6592.58,30522226.0
2022-10-11,6598.72,6619.19,6510.68,6539.35,23780870.0
2022-10-12,6539.35,6611.0,6432.88,6608.96,28543369.0
2022-10-13,6574.15,6590.53,6473.83,6488.16,27016482.0
2022-10-14,6502.49,6651.95,6502.49,6631.48,36345055.0
2022-10-17,6621.24,6633.53,6561.87,6606.91,28765237.0
2022-10-18,6623.29,6662.19,6584.39,6621.24,26811100.0
2022-10-19,6613.05,6613.05,6363.27,6373.51,47826075.0
2022-10-20,6346.89,6359.18,6254.76,6277.28,51478040.0
2022-10-21,6285.47,6326.42,6224.05,6265.0,28940920.0
2022-10-24,6265.0,6320.28,6129.87,6138.06,51135450.0
2022-10-25,6060.26,6179.01,6060.26,6101.21,33219739.0
2022-10-26,6101.21,6193.34,6101.21,6146.25,35928751.0
2022-10-27,6199.48,6240.43,6160.58,6226.1,37764297.0
2022-10-28,6254.76,6283.42,6133.96,6181.05,48089171.0
2022-10-31,6056.16,6125.77,5833.0,5869.85,108303289.0
2022-11-01,5886.23,6013.17,5855.52,6013.17,64602496.0
2022-11-02,5970.17,6142.15,5947.65,6050.02,56673308.0
2022-11-03,5990.65,6060.26,5974.27,5996.79,32790733.0
2022-11-04,5998.84,6207.67,5998.84,6174.91,53548451.0
2022-11-07,6174.91,6242.48,6146.25,6197.43,33748068.0
2022-11-08,6203.58,6213.81,6138.06,6170.82,23092774.0
2022-11-09,6193.34,6265.0,6172.86,6195.39,27456643.0
2022-11-10,6144.2,6195.39,6127.82,6166.72,20377428.0
2022-11-11,6295.71,6449.26,6236.33,6369.41,66508580.0
2022-11-14,6510.68,6635.57,6471.78,6492.26,74963626.0
2022-11-15,6510.68,6586.44,6449.26,6549.58,39199129.0
2022-11-16,6555.73,6568.01,6486.11,6496.35,27893178.0
2022-11-17,6484.07,6535.25,6451.31,6500.45,22540558.0
2022-11-18,6516.82,6555.73,6488.16,6502.49,20312472.0
2022-11-21,6459.5,6463.59,6346.89,6367.37,28227761.0
2022-11-22,6387.84,6471.78,6363.27,6406.27,21944945.0
2022-11-23,6412.41,6455.4,6383.74,6387.84,18343532.0
2022-11-24,6439.02,6471.78,6383.74,6391.93,15416302.0
2022-11-25,6389.89,6543.44,6387.84,6502.49,34998146.0
2022-11-28,6398.08,6455.4,6318.23,6449.26,26170274.0
2022-11-29,6553.68,6676.52,6537.3,6647.86,51373044.0
2022-11-30,6639.67,6680.62,6535.25,6586.44,38571084.0
2022-12-01,6654.0,6709.28,6625.34,6637.62,36543926.0
2022-12-02,6602.82,6625.34,6570.06,6598.72,25945995.0
2022-12-05,6651.95,6744.08,6649.9,6731.8,37053147.0
2022-12-06,6709.28,6819.84,6664.24,6744.08,35158314.0
2022-12-07,6742.04,6828.03,6694.95,6780.94,38498541.0
2022-12-08,6787.08,6819.84,6737.94,6758.42,24718576.0
2022-12-09,6774.8,6981.58,6752.27,6936.54,68680446.0
2022-12-12,6918.11,6948.82,6811.65,6813.7,37420814.0
2022-12-13,6852.6,6879.21,6819.84,6832.12,24063238.0
2022-12-14,6830.07,6891.5,6754.32,6838.26,37387401.0
2022-12-15,6830.07,6901.73,6731.8,6758.42,27852358.0
2022-12-16,6719.52,6809.6,6711.33,6809.6,30623321.0
2022-12-19,6801.41,6889.45,6701.09,6719.52,26417266.0
2022-12-20,6705.18,6735.9,6563.91,6613.05,24127232.0
2022-12-21,6600.77,6688.81,6600.77,6639.67,19063428.0
2022-12-22,6670.38,6832.12,6670.38,6744.08,31006276.0
2022-12-23,6709.28,6774.8,6666.28,6711.33,13352325.0
2022-12-26,6715.42,6717.47,6615.1,6623.29,19007666.0
2022-12-27,6647.86,6750.23,6604.86,6680.62,22646398.0
2022-12-28,6641.72,6715.42,6615.1,6668.33,30939755.0
2022-12-29,6654.0,6658.09,6553.68,6584.39,25349390.0
2022-12-30,6600.77,6651.95,6594.63,6617.15,19264104.0
2023-01-03,6658.09,6711.33,6584.39,6654.0,26444999.0
2023-01-04,6658.09,6825.98,6641.72,6819.84,41594366.0
2023-01-05,6881.26,7053.24,6858.74,7002.06,50889443.0
2023-01-06,6993.87,7043.0,6942.68,6981.58,30916572.0
2023-01-09,6961.11,7018.43,6954.97,6979.53,24309943.0
2023-01-10,6981.58,7040.96,6922.21,6985.68,18974355.0
2023-01-11,6985.68,7063.48,6946.78,7049.14,31597543.0
2023-01-12,7024.58,7051.19,6973.39,6985.68,17870648.0
2023-01-13,7002.06,7063.48,6985.68,7053.24,24845128.0
2023-01-16,7086.0,7370.58,7067.57,7264.12,69118991.0
2023-01-17,7255.93,7278.45,7194.51,7257.98,28775268.0
2023-01-18,7247.74,7296.88,7153.56,7208.84,24236366.0
2023-01-19,7163.8,7200.65,7108.52,7186.32,19820777.0
2023-01-20,7198.6,7247.74,7147.42,7176.08,22896003.0
2023-01-30,7309.16,7319.4,7161.75,7176.08,40601051.0
2023-01-31,7176.08,7221.13,7063.48,7090.09,27669331.0
2023-02-01,7124.9,7182.22,7092.14,7155.61,27369485.0
2023-02-02,7157.66,7178.13,7114.66,7141.28,30085671.0
2023-02-03,7104.42,7118.76,7053.24,7104.42,22796829.0
2023-02-06,7065.52,7067.57,6924.25,6928.35,33520824.0
2023-02-07,6969.3,7057.33,6957.01,7047.1,22876151.0
2023-02-08,7061.43,7133.09,6991.82,7020.48,20006521.0
2023-02-09,6981.58,7051.19,6963.15,7032.77,20761993.0
2023-02-10,7038.91,7040.96,6981.58,7016.39,15272833.0
2023-02-13,7024.58,7112.61,6993.87,7106.47,28638556.0
2023-02-14,7120.8,7149.47,7083.95,7139.23,19268197.0
2023-02-15,7135.14,7145.37,7051.19,7071.67,16713417.0
2023-02-16,7071.67,7122.85,6946.78,6991.82,28135121.0
2023-02-17,6991.82,7032.77,6950.87,6954.97,18193785.0
2023-02-20,6954.97,7206.79,6954.97,7196.56,52342020.0
2023-02-21,7247.74,7429.96,7233.41,7399.25,81304977.0
2023-02-22,7386.96,7425.86,7321.45,7386.96,32666017.0
2023-02-23,7415.63,7638.79,7415.63,7581.46,81370503.0
2023-02-24,7548.71,7575.32,7448.38,7485.24,36926076.0
2023-02-27,7417.23,7461.43,7269.89,7410.91,39182918.0
2023-02-28,7440.38,7522.47,7351.98,7476.16,34995389.0
2023-03-01,7476.16,7701.37,7453.01,7665.59,51970455.0
2023-03-02,7615.08,7766.62,7602.45,7705.58,45758404.0
2023-03-03,7766.62,7899.22,7745.57,7781.35,45573220.0
2023-03-06,7783.46,7861.34,7678.22,7768.73,42112378.0
2023-03-07,7745.57,7789.77,7610.87,7627.71,41411472.0
2023-03-08,7589.82,7701.37,7577.19,7680.33,26450803.0
2023-03-09,7730.84,7745.57,7640.33,7707.69,27503255.0
2023-03-10,7671.91,7692.95,7486.69,7495.11,36010638.0
2023-03-13,7495.11,7812.93,7478.27,7810.82,63348564.0
2023-03-14,7787.67,7913.96,7701.37,7775.04,61073140.0
2023-03-15,7789.77,7924.48,7770.83,7882.38,36905141.0
2023-03-16,7829.76,7935.0,7787.67,7850.81,37570212.0
2023-03-17,7924.48,7989.73,7852.92,7895.01,38887648.0
2023-03-20,7890.8,7935.0,7751.89,7808.72,31175352.0
2023-03-21,7793.98,7932.9,7783.46,7918.17,31531112.0
2023-03-22,7930.79,7949.74,7800.3,7831.87,26348780.0
2023-03-23,7827.66,7892.91,7777.15,7817.14,33101208.0
2023-03-24,7789.77,7796.09,7703.48,7758.2,31951354.0
2023-03-27,7760.31,7770.83,7619.29,7657.17,37044082.0
2023-03-28,7663.49,7728.74,7579.3,7661.38,28225261.0
2023-03-29,7667.7,7692.95,7581.4,7608.76,21323888.0
2023-03-30,7619.29,7901.33,7541.41,7836.08,54657824.0
2023-03-31,7793.98,7850.81,7726.63,7735.05,33176565.0
2023-04-03,7756.1,7888.7,7730.84,7842.39,29620867.0
2023-04-04,7812.93,7842.39,7745.57,7793.98,24167875.0
2023-04-06,7796.09,7800.3,7682.43,7735.05,24119673.0
2023-04-07,7735.05,7905.54,7716.11,7848.71,32783277.0
2023-04-10,7848.71,7949.74,7791.88,7945.53,31736839.0
2023-04-11,7987.62,8292.82,7972.89,8292.82,95364085.0
2023-04-12,8297.02,8355.96,8240.2,8292.82,39723678.0
2023-04-13,8263.35,8263.35,8080.23,8107.59,31852745.0
2023-04-14,8120.22,8145.48,8050.77,8082.34,21393206.0
2023-04-17,8156.0,8490.66,8145.48,8473.83,77515049.0
2023-04-18,8507.5,8667.47,8471.72,8541.18,55906808.0
2023-04-19,8541.18,8627.47,8406.47,8423.31,40988319.0
2023-04-20,8551.7,8819.01,8524.34,8800.07,75438792.0
2023-04-21,8840.06,8920.04,8616.95,8633.79,45834956.0
2023-04-24,8753.76,8970.55,8650.63,8690.62,65723876.0
2023-04-25,8692.72,8711.67,8431.73,8595.9,58568865.0
2023-04-26,8530.65,8555.91,8320.18,8419.1,46877817.0
2023-04-27,8414.89,8459.09,8311.76,8377.01,42893076.0
2023-04-28,8461.2,8496.98,8212.83,8280.19,69028337.0
2023-05-04,7577.19,7682.43,7453.01,7455.11,212935023.0
2023-05-05,7450.9,7551.93,7318.3,7398.29,110802509.0
2023-05-08,7429.86,7459.32,7225.69,7284.63,101933401.0
2023-05-09,7280.42,7406.7,7261.48,7297.26,69792007.0
2023-05-10,7261.48,7326.72,7130.98,7280.42,49142588.0
2023-05-11,7263.58,7297.26,7156.24,7158.34,53323762.0
2023-05-12,7158.34,7318.3,7149.92,7213.07,50453545.0
2023-05-15,7217.27,7286.73,7135.19,7255.16,40747699.0
2023-05-16,7240.43,7240.43,7099.41,7126.77,55040165.0
2023-05-17,7143.61,7164.66,7053.1,7160.45,38367380.0
2023-05-18,7149.92,7311.99,7130.98,7227.8,45768650.0
2023-05-19,7183.6,7391.97,7158.34,7328.83,48881891.0
2023-05-22,7303.57,7484.58,7278.31,7408.81,49828635.0
2023-05-23,7410.91,7453.01,7373.03,7377.24,28758377.0
2023-05-24,7370.92,7408.81,7240.43,7259.37,26733600.0
2023-05-25,7244.64,7244.64,7154.13,7227.8,33193044.0
2023-05-26,7215.17,7255.16,7137.29,7240.43,18568031.0
2023-05-29,7238.32,7295.15,7095.2,7162.55,28643275.0
2023-05-30,7162.55,7162.55,7013.11,7074.15,44519280.0
2023-05-31,7076.25,7086.78,6886.83,6941.55,50214377.0
2023-06-01,6924.71,6947.86,6842.62,6846.83,43192724.0
2023-06-02,6886.83,7208.86,6886.83,7175.18,78753201.0
2023-06-05,7175.18,7206.75,7051.0,7192.02,30778554.0
2023-06-06,7175.18,7320.41,7126.77,7175.18,38951551.0
2023-06-07,7272.0,7343.56,7187.81,7255.16,42747899.0
2023-06-08,7246.74,7499.31,7210.96,7469.85,61688168.0
2023-06-09,7682.43,7711.9,7394.08,7408.81,46956161.0
2023-06-12,7413.02,7663.49,7402.5,7594.03,56998347.0
2023-06-13,7594.03,7699.27,7554.04,7591.92,37705369.0
2023-06-14,7621.39,7804.51,7608.76,7707.69,53870617.0
2023-06-15,7777.15,7838.18,7716.11,7796.09,51326763.0
2023-06-16,7810.82,7846.6,7678.22,7808.72,54070429.0
2023-06-19,7766.62,7772.94,7572.98,7585.61,43884810.0
2023-06-20,7600.34,7850.81,7600.34,7655.07,42234056.0
2023-06-21,7640.33,7745.57,7583.51,7610.87,26724698.0
2023-06-26,7640.33,7730.84,7545.62,7570.88,41784595.0
2023-06-27,7570.88,7808.72,7520.36,7762.41,57405771.0
2023-06-28,7787.67,7930.79,7787.67,7850.81,52816912.0
2023-06-29,7886.59,7909.75,7735.05,7743.47,25545293.0
2023-06-30,7775.04,7781.35,7678.22,7684.53,29317377.0
2023-07-03,7686.64,7924.48,7661.38,7871.86,42355132.0
2023-07-04,7871.86,7903.43,7709.79,7762.41,34107541.0
2023-07-05,7770.83,7806.61,7692.95,7777.15,25859451.0
2023-07-06,7747.68,7884.49,7711.9,7722.42,21953951.0
2023-07-07,7714.0,7724.53,7640.33,7678.22,20128001.0
2023-07-10,7703.48,7766.62,7665.59,7718.21,20183255.0
2023-07-11,7724.53,7829.76,7699.27,7806.61,21422931.0
2023-07-12,7806.61,7903.43,7766.62,7833.97,27178150.0
2023-07-13,7840.29,7920.27,7798.19,7833.97,24159647.0
2023-07-14,7846.6,7850.81,7703.48,7732.94,26662587.0
2023-07-17,7741.36,7787.67,7686.64,7762.41,13816157.0
2023-07-18,7766.62,7882.38,7716.11,7838.18,27392633.0
2023-07-19,7838.18,7909.75,7821.35,7895.01,23728454.0
2023-07-20,7895.01,7956.05,7840.29,7840.29,19074530.0
2023-07-21,7899.22,7916.06,7766.62,7793.98,18204041.0
2023-07-24,7745.57,7785.56,7674.01,7707.69,17437402.0
2023-07-25,7785.56,8183.37,7785.56,8145.48,75421816.0
2023-07-26,8113.91,8217.04,8105.49,8179.16,33358112.0
2023-07-27,8179.16,8208.62,8010.78,8038.14,24428250.0
2023-07-28,8029.72,8221.25,8029.72,8166.53,40653769.0
2023-07-31,8210.73,8313.86,8130.75,8158.11,35865426.0
2023-08-01,8137.06,8219.15,8046.56,8092.86,25098364.0
2023-08-02,8092.86,8134.96,8036.03,8059.18,20437095.0
2023-08-03,8019.19,8078.13,7998.15,8044.45,19260829.0
2023-08-04,8080.23,8225.46,8078.13,8090.76,21825410.0
2023-08-07,8073.92,8109.7,7977.1,8008.67,21164917.0
2023-08-08,7977.1,8040.24,7947.63,7977.1,19126657.0
2023-08-09,8030.47,8041.27,7961.29,7989.39,22322747.0
2023-08-10,8002.36,8019.66,7777.55,7900.77,39013580.0
2023-08-11,7900.77,7900.77,7738.64,7762.42,27262191.0
2023-08-14,7708.38,7760.26,7557.07,7742.97,32967740.0
2023-08-15,7734.32,7792.69,7678.12,7725.68,18740547.0
2023-08-16,7710.54,7781.88,7641.37,7742.97,15566153.0
2023-08-17,7680.28,7790.52,7608.95,7786.2,15331782.0
2023-08-18,7786.2,7799.17,7637.05,7669.47,22248763.0
2023-08-21,7673.8,7693.25,7481.41,7481.41,33962538.0
2023-08-22,7513.84,7563.55,7423.05,7457.63,31705623.0
2023-08-23,7494.38,7526.8,7390.62,7399.27,22994071.0
2023-08-24,7399.27,7559.23,7381.98,7516.0,22656380.0
2023-08-25,7464.12,7535.45,7429.53,7490.06,16570466.0
2023-08-28,7801.33,7889.96,7433.85,7464.12,50445211.0
2023-08-29,7448.99,7539.77,7403.59,7520.32,33015746.0
2023-08-30,7552.74,7684.6,7524.64,7591.65,40175069.0
2023-08-31,7704.06,7786.2,7658.66,7736.48,54481927.0
2023-09-01,7760.26,7950.48,7760.26,7931.03,41700437.0
2023-09-04,7998.04,8069.37,7941.84,8043.44,36821004.0
2023-09-05,8043.44,8047.76,7961.29,7989.39,21816699.0
2023-09-06,7976.42,7976.42,7879.15,7939.68,21578469.0
2023-09-07,7933.19,7961.29,7870.5,7909.41,17588528.0
2023-09-08,7879.15,7900.77,7764.58,7794.85,16146567.0
2023-09-11,7818.63,7889.96,7773.23,7829.43,22425636.0
2023-09-12,7829.43,7944.0,7788.36,7900.77,19690154.0
2023-09-13,7879.15,7911.58,7820.79,7840.24,13815220.0
2023-09-14,7859.7,7868.34,7777.55,7842.4,15392565.0
2023-09-15,7857.53,7881.31,7740.81,7773.23,25823230.0
2023-09-18,7747.29,7816.46,7697.57,7814.3,15070974.0
2023-09-19,7803.49,7803.49,7758.1,7803.49,19334857.0
2023-09-20,7825.11,7944.0,7738.64,7911.58,22025288.0
2023-09-21,7889.96,7900.77,7805.66,7812.14,16517278.0
2023-09-22,7853.21,7939.68,7784.04,7935.35,20512665.0
2023-09-25,7961.29,7980.75,7889.96,7922.38,16667468.0
2023-09-26,7918.06,7974.26,7889.96,7900.77,10030882.0
2023-09-27,7881.31,7965.62,7874.83,7889.96,16985909.0
2023-09-28,7896.44,7922.38,7835.92,7846.73,15202928.0
2023-10-09,7825.11,7948.32,7747.29,7911.58,24756794.0
2023-10-10,7939.68,7965.62,7583.01,7619.76,46055189.0
2023-10-11,7628.4,7740.81,7572.2,7580.85,23652802.0
2023-10-12,7641.37,7669.47,7554.91,7600.3,25856014.0
2023-10-13,7565.71,7576.52,7485.73,7524.64,21047484.0
2023-10-16,7522.48,7539.77,7459.79,7474.93,18094639.0
2023-10-17,7477.09,7533.29,7457.63,7520.32,16440913.0
2023-10-18,7500.87,7500.87,7416.56,7433.85,19329073.0
2023-10-19,7384.14,7416.56,7282.54,7286.86,30727541.0
2023-10-20,7269.57,7323.61,7237.15,7258.76,21186197.0
2023-10-23,7258.76,7306.32,7157.17,7230.66,17896281.0
2023-10-24,7263.09,7280.38,7178.78,7252.28,26026063.0
2023-10-25,7347.39,7360.36,7224.18,7239.31,26435366.0
2023-10-26,7219.85,7273.89,7165.81,7217.69,20571108.0
2023-10-27,7323.61,7440.34,7252.28,7397.11,45603264.0
2023-10-30,7371.17,7407.92,7308.48,7360.36,30171384.0
2023-10-31,7410.08,7410.08,7310.64,7334.42,25942329.0
2023-11-01,7317.13,7360.36,7286.86,7314.96,20289867.0
2023-11-02,7321.45,7440.34,7317.13,7356.04,29878821.0
2023-11-03,7356.04,7384.14,7319.29,7351.71,24487608.0
2023-11-06,7381.98,7388.46,7314.96,7366.84,34239651.0
2023-11-07,7349.55,7353.87,7276.06,7304.16,28382023.0
2023-11-08,7306.32,7323.61,7241.47,7278.22,31561460.0
2023-11-09,7278.22,7312.8,7258.76,7284.7,19669075.0
2023-11-10,7284.7,7284.7,7213.37,7237.15,22059027.0
2023-11-13,7204.72,7237.15,6986.4,7040.44,57797676.0
2023-11-14,7005.85,7098.8,6960.46,7085.83,30218275.0
2023-11-15,7129.06,7137.71,7068.54,7100.96,26026097.0
2023-11-16,7090.16,7100.96,7014.5,7049.08,20330914.0
2023-11-17,7003.69,7040.44,6973.43,7025.31,22167157.0
2023-11-20,7025.31,7126.9,6962.62,7087.99,29238757.0
2023-11-21,7103.12,7189.59,7090.16,7105.29,29422033.0
2023-11-22,7085.83,7116.09,7059.89,7079.35,20053503.0
2023-11-23,7079.35,7133.39,7031.79,7124.74,21939791.0
2023-11-24,7124.74,7161.49,7090.16,7133.39,20952667.0
2023-11-27,7133.39,7133.39,7042.6,7083.67,23148858.0
2023-11-28,7079.35,7124.74,7057.73,7109.61,16068120.0
2023-11-29,7100.96,7118.26,7053.41,7107.45,17957992.0
2023-11-30,7083.67,7150.68,7083.67,7122.58,19720996.0
2023-12-01,7129.06,7133.39,6966.94,7025.31,34727691.0
2023-12-04,7016.66,7118.26,6999.37,7090.16,24830564.0
2023-12-05,7075.02,7124.74,7018.82,7018.82,22886577.0
2023-12-06,7010.17,7066.38,6990.72,7008.01,21377681.0
2023-12-07,7025.31,7150.68,7014.5,7094.48,30685664.0
2023-12-08,7090.16,7139.87,7070.7,7107.45,21717435.0
2023-12-11,7070.7,7126.9,6995.04,7098.8,28110590.0
2023-12-12,7085.83,7213.37,7072.86,7193.91,30116029.0
2023-12-13,7198.24,7198.24,7094.48,7124.74,23394385.0
2023-12-14,7133.39,7219.85,7133.39,7163.65,28416366.0
2023-12-15,7187.43,7209.04,7146.36,7155.0,26169823.0
2023-12-18,7122.58,7215.53,7055.57,7170.14,21099655.0
2023-12-19,7167.97,7172.3,7113.93,7165.81,16178453.0
2023-12-20,7085.83,7090.16,6653.51,6657.83,124110579.0
2023-12-21,6722.68,6886.96,6714.03,6806.98,91325109.0
2023-12-22,6770.23,6986.4,6763.75,6925.87,58111966.0
2023-12-25,6932.36,6969.1,6884.8,6906.42,28184292.0
2023-12-26,6906.42,6990.72,6848.05,6867.51,23086523.0
2023-12-27,6876.15,6938.84,6848.05,6928.03,27642533.0
2023-12-28,6960.46,7012.34,6912.9,6984.24,38034301.0
2023-12-29,6962.62,6990.72,6899.93,6953.97,32914691.0
2024-01-02,6953.97,6960.46,6908.58,6923.71,25379730.0
2024-01-03,6917.22,6934.52,6852.38,6873.99,25446892.0
2024-01-04,6895.61,6919.39,6798.33,6906.42,33339805.0
2024-01-05,6928.03,7196.08,6835.08,7129.06,83215675.0
2024-01-08,7159.33,7178.78,7100.96,7111.77,41591134.0
2024-01-09,7092.32,7252.28,7057.73,7239.31,43820766.0
2024-01-10,7209.04,7314.96,7193.91,7278.22,36648552.0
2024-01-11,7276.06,7310.64,7224.18,7260.92,28408874.0
2024-01-12,7241.47,7312.8,7224.18,7267.41,22401273.0
2024-01-15,7230.66,7338.74,7224.18,7314.96,29568134.0
2024-01-16,7293.35,7401.43,7265.25,7373.33,28881665.0
2024-01-17,7345.23,7386.3,7276.06,7278.22,25404359.0
2024-01-18,7230.66,7306.32,7096.64,7271.73,42599897.0
2024-01-19,7241.47,7295.51,7211.21,7252.28,22119309.0
2024-01-22,7243.63,7291.19,7090.16,7133.39,37486769.0
2024-01-23,7135.55,7165.81,7075.02,7122.58,34201623.0
2024-01-24,7167.97,7284.7,7124.74,7273.89,32424807.0
2024-01-25,7273.89,7308.48,7222.01,7276.06,34303215.0
2024-01-26,7265.25,7299.83,7176.62,7276.06,40242878.0
2024-01-29,7559.23,7619.76,7438.18,7578.68,82599747.0
2024-01-30,7522.48,7688.93,7494.38,7598.14,59559302.0
2024-01-31,7561.39,7710.54,7546.26,7619.76,57217632.0
2024-02-01,7604.62,7671.63,7567.88,7626.24,39645155.0
2024-02-02,7608.95,7747.29,7485.73,7695.41,57203301.0
2024-02-05,7641.37,7816.46,7593.82,7799.17,68096947.0
2024-02-06,7760.26,7954.81,7684.6,7760.26,77154588.0
2024-02-07,7762.42,7972.1,7667.31,7954.81,77041844.0
2024-02-08,7954.81,7985.07,7773.23,7812.14,57054423.0
2024-02-19,7885.64,7998.04,7816.46,7993.72,49645367.0
2024-02-20,7998.04,8214.2,7985.07,8205.56,51256680.0
2024-02-21,8192.59,8289.86,8129.9,8186.1,47622551.0
2024-02-22,8149.36,8279.05,8127.74,8274.73,31474565.0
2024-02-23,8289.86,8302.83,8192.59,8240.14,34173798.0
2024-02-26,8356.87,8503.86,8346.06,8404.43,48760694.0
2024-02-27,8378.49,8430.37,8326.61,8404.43,35105044.0
2024-02-28,8402.27,8471.44,8333.09,8387.13,35133409.0
2024-02-29,8387.13,8471.44,8365.52,8441.18,33944025.0
2024-03-01,8447.66,8650.85,8417.4,8648.69,49235127.0
2024-03-04,8733.0,8862.69,8611.94,8661.66,51299213.0
2024-03-05,8644.37,8702.73,8547.1,8689.76,41534196.0
2024-03-06,8685.44,8771.91,8657.34,8672.47,27965689.0
2024-03-07,8741.64,8899.44,8713.54,8851.89,44230625.0
2024-03-08,8854.05,8897.28,8769.74,8856.21,26247377.0
2024-03-11,8856.21,8916.73,8657.34,8748.13,44482791.0
2024-03-12,8745.97,8745.97,8408.75,8486.57,83467251.0
2024-03-13,8471.44,8551.42,8415.24,8534.13,41975320.0
2024-03-14,8501.7,8653.02,8497.38,8549.26,34813602.0
2024-03-15,8557.9,8562.23,8324.45,8391.46,48550854.0
2024-03-18,8395.78,8406.59,8218.53,8279.05,52370520.0
2024-03-19,8268.24,8337.42,8235.82,8274.73,30884365.0
2024-03-20,8270.41,8313.64,8160.16,8268.24,31623268.0
2024-03-21,8279.05,8298.51,8170.97,8196.91,31192403.0
2024-03-22,8192.59,8268.24,8164.49,8244.47,29490523.0
2024-03-25,8216.37,8348.23,8181.78,8248.79,33678792.0
2024-03-26,8244.47,8285.54,8170.97,8235.82,33520860.0
2024-03-27,8218.53,8447.66,8218.53,8359.03,45811959.0
2024-03-28,8419.56,8538.45,8296.35,8473.6,46044061.0
2024-03-29,8451.98,8527.64,8404.43,8497.38,23585811.0
2024-04-01,8538.45,8707.06,8529.8,8672.47,38507559.0
2024-04-02,8646.53,8730.83,8605.46,8644.37,30917471.0
2024-04-03,8637.88,8750.29,8616.27,8726.51,25537449.0
2024-04-08,8724.35,8724.35,8516.83,8553.58,36713406.0
2024-04-09,8538.45,8560.07,8225.01,8235.82,58751840.0
2024-04-10,8231.5,8354.71,8170.97,8196.91,37431209.0
2024-04-11,8168.81,8214.2,8095.31,8192.59,28870477.0
2024-04-12,8203.4,8333.09,8164.49,8253.11,32834898.0
2024-04-15,8285.54,8523.32,8255.28,8516.83,46693406.0
2024-04-16,8486.57,8594.65,8402.27,8512.51,43295032.0
2024-04-17,8458.47,8555.74,8300.67,8553.58,37353134.0
2024-04-18,8527.64,8776.23,8497.38,8646.53,49859208.0
2024-04-19,8583.84,8674.63,8568.71,8633.56,27368645.0
2024-04-22,8629.24,8748.13,8514.67,8553.58,31251854.0
2024-04-23,8512.51,8549.26,8359.03,8462.79,28677687.0
2024-04-24,8432.53,8473.6,8322.29,8402.27,23506339.0
2024-04-25,8387.13,8467.12,8365.52,8419.56,16140447.0
2024-04-26,8449.82,8549.26,8410.91,8538.45,29699521.0
2024-04-29,8551.42,8854.05,8451.98,8756.77,52500637.0
2024-04-30,8862.69,9240.98,8765.42,9104.8,98063569.0
2024-05-06,9208.56,9452.82,9145.87,9383.65,75427859.0
2024-05-07,9314.48,9362.03,9219.36,9223.69,42169408.0
2024-05-08,9215.04,9260.43,9111.28,9122.09,30191761.0
2024-05-09,9145.87,9240.98,9100.47,9225.85,29378431.0
2024-05-10,9230.17,9372.84,9223.69,9342.58,39675559.0
2024-05-13,9377.16,9474.44,9262.6,9420.4,34180258.0
2024-05-14,9413.91,9418.23,9130.74,9217.2,39554921.0
2024-05-15,9165.32,9340.41,9161.0,9243.14,24956829.0
2024-05-16,9230.17,9238.82,9113.44,9152.35,31683274.0
2024-05-17,9143.71,9176.13,8975.1,9132.9,42570792.0
2024-05-20,9150.19,9232.33,9018.33,9052.92,37527720.0
2024-05-21,9035.62,9081.02,8970.78,9035.62,35166064.0
2024-05-22,9046.43,9048.59,8951.32,8983.75,25662309.0
2024-05-23,8983.75,8985.91,8851.89,8910.25,34515704.0
2024-05-24,8862.69,8966.45,8841.08,8899.44,23040992.0
2024-05-27,8890.8,9106.96,8875.66,9061.56,39729593.0
2024-05-28,9061.56,9087.5,8940.51,8983.75,25602667.0
2024-05-29,8970.78,9022.65,8901.6,8901.6,25684627.0
2024-05-30,8884.31,8970.78,8851.89,8884.31,20141557.0
2024-05-31,8938.35,8962.13,8797.84,8797.84,26997277.0
2024-06-03,8804.33,9014.01,8780.55,8966.45,31390259.0
2024-06-04,8938.35,9016.17,8836.75,8988.07,24068585.0
2024-06-05,8990.23,9055.08,8830.27,8841.08,25901702.0
2024-06-06,8815.14,9046.43,8810.81,8972.94,40103084.0
2024-06-07,8938.35,8996.72,8815.14,8884.31,31912692.0
2024-06-11,8851.89,8925.38,8663.82,8769.74,37588307.0
2024-06-12,8741.64,8836.75,8642.21,8800.01,23390651.0
2024-06-13,8800.01,8867.02,8689.76,8696.25,26438755.0
2024-06-14,8698.41,8851.89,8665.99,8847.56,31620215.0
2024-06-17,8797.84,8888.63,8694.09,8724.35,30108874.0
2024-06-18,8700.57,8754.61,8646.53,8735.16,18985710.0
2024-06-19,8713.54,8722.19,8531.96,8642.21,29105336.0
2024-06-20,8635.72,8681.12,8551.42,8596.81,23528797.0
2024-06-21,8581.68,8633.56,8501.7,8583.84,24759484.0
2024-06-24,8549.26,8696.25,8538.45,8657.34,29110376.0
2024-06-25,8635.72,8832.43,8607.62,8739.48,28457257.0
2024-06-26,8739.48,8776.23,8605.46,8627.08,25362201.0
2024-06-27,8596.81,8627.08,8410.91,8534.13,37342073.0
2024-06-28,8480.08,8581.68,8441.18,8477.92,27875495.0
2024-07-01,8434.69,8538.45,8376.33,8408.75,27596071.0
2024-07-02,8387.13,8406.59,8225.01,8270.41,39888409.0
2024-07-03,8263.92,8313.64,8218.53,8242.31,24424534.0
2024-07-04,8246.63,8365.52,8175.29,8218.53,37059372.0
2024-07-05,8216.37,8266.08,8041.27,8149.36,39027322.0
2024-07-08,8142.87,8214.2,8090.99,8203.4,27260302.0
2024-07-09,8209.88,8313.64,8155.84,8296.35,30184704.0
2024-07-10,8296.35,8333.09,8140.71,8188.26,29570072.0
2024-07-11,8253.11,8382.81,8218.53,8361.2,33347640.0
2024-07-12,8322.29,8441.18,8296.35,8402.27,33614813.0
2024-07-15,8400.1,8428.21,8302.83,8350.39,21150175.0
2024-07-16,8354.71,8376.33,8242.31,8317.96,25286618.0
2024-07-17,8279.05,8330.93,8170.97,8302.83,32360937.0
2024-07-18,8263.92,8518.99,8237.98,8508.19,42468118.0
2024-07-19,8488.73,8495.22,8387.13,8484.41,25426735.0
2024-07-22,8473.6,8516.83,8367.68,8400.1,24217190.0
2024-07-23,8393.62,8410.91,8235.82,8235.82,23476283.0
2024-07-24,8229.34,8235.82,7998.04,8032.63,37031259.0
2024-07-25,8015.33,8121.25,7941.84,8082.34,26508930.0
2024-07-26,8428.21,8631.4,8408.75,8609.78,93874115.0
2024-07-29,8661.66,8722.19,8538.45,8609.78,35471368.0
2024-07-30,8581.68,8586.0,8356.87,8428.21,37406217.0
2024-07-31,8400.1,8691.92,8363.36,8650.85,43518491.0
2024-08-01,8607.62,8856.21,8607.62,8780.55,42696638.0
2024-08-02,8752.45,8869.18,8665.99,8787.04,30526884.0
2024-08-05,8776.23,9033.46,8765.42,8886.47,61486216.0
2024-08-06,8886.47,8968.61,8709.22,8793.52,35646753.0
2024-08-07,8771.91,8797.84,8659.5,8748.13,26181338.0
2024-08-08,8745.97,8808.65,8702.73,8750.29,22621581.0
2024-08-09,8750.29,8802.17,8694.09,8711.38,18936870.0
2024-08-12,8670.31,8808.65,8661.66,8717.86,17485102.0
2024-08-13,8728.67,8743.8,8588.17,8696.25,19476207.0
2024-08-14,8696.25,8715.7,8607.62,8672.47,12968626.0
2024-08-15,8659.5,8828.11,8614.11,8758.94,26014463.0
2024-08-16,8787.04,8895.12,8743.8,8867.02,23508601.0
2024-08-19,8823.78,8947.0,8735.16,8806.49,24951265.0
2024-08-20,8806.49,8875.66,8713.54,8854.05,23622593.0
2024-08-21,8819.46,8901.6,8756.77,8825.95,18746250.0
2024-08-22,8862.69,8947.0,8817.3,8918.9,32486061.0
2024-08-23,8921.06,9117.77,8888.63,9087.5,45770454.0
2024-08-26,9117.77,9143.71,9009.68,9093.99,34787016.0
2024-08-27,9085.34,9085.34,8998.88,9029.14,31471438.0
2024-08-28,9032.29,9043.73,8782.72,8883.46,40555660.0
2024-08-29,8881.17,9032.29,8878.89,8885.75,27705633.0
2024-08-30,8851.41,9245.21,8782.72,9089.52,47082758.0
2024-09-02,9112.42,9291.0,9068.92,9169.66,43207352.0
2024-09-03,9160.5,9348.24,9160.5,9302.45,29773464.0
2024-09-04,9277.27,9364.27,9210.87,9279.56,25192526.0
2024-09-05,9279.56,9359.69,9146.76,9236.06,23358753.0
2024-09-06,9233.77,9279.56,9144.47,9149.05,16739943.0
2024-09-09,9146.76,9146.76,8890.33,8906.36,30581566.0
2024-09-10,8906.36,8993.36,8888.04,8929.26,16914500.0
2024-09-11,8897.2,9062.05,8828.51,8949.86,23414141.0
2024-09-12,8933.83,8984.2,8764.41,8851.41,28848026.0
2024-09-13,8853.7,9059.76,8839.96,8984.2,26332892.0
2024-09-18,8991.07,9288.71,8972.76,9277.27,35181361.0
2024-09-19,9158.21,9320.77,9068.92,9307.03,32575868.0
2024-09-20,9318.48,9432.96,9277.27,9403.19,31839792.0
2024-09-23,9403.19,9531.41,9373.43,9485.62,26690513.0
2024-09-24,9581.78,9581.78,9295.58,9497.06,52659325.0
2024-09-25,9613.83,9863.39,9604.67,9726.02,64768443.0
2024-09-26,9776.39,10165.61,9719.15,10161.03,60192988.0
2024-09-27,10330.46,10417.46,9971.0,10165.61,91250193.0
2024-09-30,10419.75,11017.33,10417.46,10976.12,138686863.0
2024-10-08,12072.81,12072.81,11266.89,11791.2,129467417.0
2024-10-09,11550.79,11550.79,10726.55,10973.83,110521204.0
2024-10-10,11028.77,11546.21,11028.77,11367.63,73522819.0
2024-10-11,11369.92,11418.0,11040.22,11124.94,42710001.0
2024-10-14,11140.96,11534.77,11140.96,11411.13,53868615.0
2024-10-15,11397.39,11445.47,11111.2,11120.36,35601269.0
2024-10-16,10985.27,11003.59,10733.42,10868.51,45436087.0
2024-10-17,10916.59,11051.67,10662.45,10671.6,38612332.0
2024-10-18,10644.13,10985.27,10586.89,10829.58,47005903.0
2024-10-21,10829.58,10845.61,10586.89,10760.9,47446657.0
2024-10-22,10756.32,11090.59,10715.11,10939.48,42234103.0
2024-10-23,10962.38,11088.3,10893.69,10973.83,32693868.0
2024-10-24,10912.01,10973.83,10808.98,10847.9,19460097.0
2024-10-25,10829.58,10847.9,10715.11,10758.61,26174534.0
2024-10-28,10758.61,10836.45,10616.66,10705.95,27910688.0
2024-10-29,10717.4,10838.74,10648.71,10667.03,28215945.0
2024-10-30,10667.03,10767.77,10396.86,10481.57,40839078.0
2024-10-31,10188.51,10234.3,9863.39,9959.55,104991527.0
2024-11-01,9959.55,10062.58,9890.87,9964.13,54205023.0
2024-11-04,9982.45,9996.19,9813.02,9913.76,54547738.0
2024-11-05,9913.76,10067.16,9803.86,10051.14,63199376.0
2024-11-06,10028.24,10030.53,9769.52,9808.44,79986476.0
2024-11-07,9767.23,10133.56,9737.47,10133.56,79996791.0
2024-11-08,10211.4,10330.46,10028.24,10131.27,81382728.0
2024-11-11,10055.72,10060.29,9884.0,10016.79,56605747.0
2024-11-12,10016.79,10291.54,9966.42,10005.34,66071776.0
2024-11-13,9975.58,10124.4,9959.55,10055.72,45349179.0
2024-11-14,9982.45,10174.77,9911.47,10009.92,45993405.0
2024-11-15,9993.9,10041.98,9819.89,9872.55,42410752.0
2024-11-18,9881.71,9959.55,9776.39,9815.31,34039682.0
2024-11-19,9815.31,9858.81,9732.89,9829.05,29152792.0
2024-11-20,9810.73,9810.73,9744.34,9783.26,29577144.0
2024-11-21,9767.23,9774.1,9616.12,9687.1,39628121.0
2024-11-22,9675.65,9767.23,9444.4,9455.85,50814545.0
2024-11-25,9455.85,9563.46,9341.37,9380.3,42357130.0
2024-11-26,9350.53,9483.33,9274.98,9428.38,39450573.0
2024-11-27,9453.56,9636.73,9423.8,9636.73,43224023.0
2024-11-28,9629.86,9659.62,9501.64,9524.54,26382498.0
2024-11-29,9526.83,9664.2,9503.93,9634.44,34638077.0
2024-12-02,9634.44,9650.46,9478.75,9625.28,39186783.0
2024-12-03,9597.8,9707.7,9581.78,9696.26,34841161.0
2024-12-04,9703.12,9934.37,9632.15,9760.36,53698426.0
2024-12-05,9764.94,9856.52,9668.78,9689.39,30419083.0
2024-12-06,9684.81,9767.23,9641.31,9677.94,38486014.0
2024-12-09,9680.23,9760.36,9526.83,9696.26,35374006.0
2024-12-10,9964.13,10117.53,9826.76,9840.5,75926081.0
2024-12-11,9826.76,9982.45,9801.57,9916.05,32608685.0
2024-12-12,9893.16,9971.0,9856.52,9950.4,32395962.0
2024-12-13,9916.05,9936.66,9787.84,9845.08,43500158.0
2024-12-16,9813.02,9945.82,9778.68,9817.6,30920371.0
2024-12-17,9813.02,9966.42,9790.13,9845.08,33483868.0
2024-12-18,9888.58,9973.29,9874.84,9948.11,29719828.0
2024-12-19,9913.76,10071.74,9884.0,9993.9,43438685.0
2024-12-20,9993.9,10062.58,9890.87,9904.6,35096649.0
2024-12-23,9918.34,10234.3,9916.05,10186.22,69320639.0
2024-12-24,10193.09,10557.13,10193.09,10435.78,70082613.0
2024-12-25,10474.7,10529.65,10351.07,10403.73,40087781.0
2024-12-26,10406.02,10447.23,10302.99,10403.73,32452739.0
2024-12-27,10403.73,10444.94,10213.69,10316.72,37915643.0
2024-12-30,10316.72,10522.78,10316.72,10433.49,38882167.0
2024-12-31,10440.36,10520.49,10355.65,10406.02,42476700.0
2025-01-02,10641.84,10870.8,10531.94,10609.79,95253245.0
2025-01-03,10618.95,10834.16,10440.36,10472.41,52708618.0
2025-01-06,10518.2,10651.0,10367.09,10536.52,54212813.0
2025-01-07,10488.44,10614.37,10325.88,10451.81,44406077.0
2025-01-08,10440.36,10847.9,10406.02,10815.85,77821329.0
2025-01-09,10829.58,10909.72,10694.5,10875.37,45412644.0
2025-01-10,10838.74,10934.9,10589.18,10623.52,37161252.0
2025-01-13,10486.15,10525.07,10232.01,10280.09,42111241.0
2025-01-14,10270.93,10502.18,10254.91,10449.52,31582175.0
2025-01-15,10422.04,10724.26,10408.31,10552.55,32881741.0
2025-01-16,10600.63,10792.95,10559.42,10600.63,29793835.0
2025-01-17,10566.29,10621.23,10426.62,10531.94,24589547.0
2025-01-20,10536.52,10618.95,10234.3,10321.3,61877341.0
2025-01-21,10389.99,10394.57,10215.98,10248.04,30001069.0
2025-01-22,10225.14,10243.46,9971.0,10087.77,39685582.0
2025-01-23,10131.27,10261.77,10096.93,10135.85,37509778.0
2025-01-24,10135.85,10275.51,10058.0,10179.35,33151745.0
2025-01-27,10181.64,10364.8,10181.64,10277.8,28353972.0
2025-02-05,10197.67,10257.2,10014.5,10035.11,34466486.0
2025-02-06,10044.27,10083.19,9920.63,9991.61,34309683.0
2025-02-07,10000.77,10135.85,9916.05,10101.51,40139929.0
2025-02-10,10101.51,10128.98,9993.9,10046.56,30589785.0
2025-02-11,10067.16,10106.09,9948.11,9996.19,29179656.0
2025-02-12,9993.9,10046.56,9920.63,10019.08,27072784.0
2025-02-13,10005.34,10085.48,9973.29,10032.82,33805098.0
2025-02-14,10005.34,10135.85,10005.34,10071.74,28122853.0
2025-02-17,10030.53,10071.74,9909.18,9998.48,37143079.0
2025-02-18,9959.55,9980.16,9829.05,9851.94,43042178.0
2025-02-19,9854.23,9865.68,9561.17,9602.38,95038714.0
2025-02-20,9581.78,9611.54,9462.72,9581.78,62417502.0
2025-02-21,9579.49,9579.49,9350.53,9469.59,81951122.0
2025-02-24,9423.8,9519.96,9364.27,9448.98,53752598.0
2025-02-25,9428.38,9430.67,9249.79,9272.69,66644155.0
2025-02-26,9272.69,9400.9,9272.69,9368.85,48929710.0
2025-02-27,9375.72,9526.83,9373.43,9485.62,73799739.0
2025-02-28,9474.17,9586.36,9343.66,9352.82,61372840.0
2025-03-03,9350.53,9391.74,9261.24,9286.43,41993896.0
2025-03-04,9604.67,9719.15,9519.96,9545.14,110012839.0
2025-03-05,9554.3,9661.91,9487.91,9629.86,51902843.0
2025-03-06,9650.46,9661.91,9545.14,9641.31,45377405.0
2025-03-07,9613.83,9666.49,9556.59,9584.07,31447480.0
2025-03-10,9584.07,9673.36,9513.09,9673.36,36583074.0
2025-03-11,9593.23,9732.89,9584.07,9696.26,34854528.0
2025-03-12,9698.54,9707.7,9600.09,9643.6,32931960.0
2025-03-13,9639.02,9826.76,9620.7,9737.47,50705752.0
2025-03-14,9739.76,9936.66,9739.76,9890.87,51662157.0
2025-03-17,9913.76,9975.58,9863.39,9913.76,35524807.0
2025-03-18,9950.4,10110.66,9895.45,10021.37,43162920.0
2025-03-19,10039.69,10051.14,9920.63,9984.74,29341858.0
2025-03-20,9975.58,9996.19,9774.1,9778.68,43916150.0
2025-03-21,9797.0,10041.98,9797.0,10014.5,70854832.0
2025-03-24,10181.64,10369.38,10112.95,10298.41,84886642.0
2025-03-25,10293.83,10440.36,10280.09,10339.62,53615234.0
2025-03-26,10302.99,10385.41,10199.96,10291.54,36842114.0
2025-03-27,10300.7,10399.15,10257.2,10346.49,29743897.0
2025-03-28,10346.49,10426.62,10296.12,10367.09,31283369.0
2025-03-31,10383.12,10584.6,10348.78,10408.31,43852863.0
2025-04-01,10378.54,10417.46,10257.2,10332.75,35732894.0
2025-04-02,10332.75,10531.94,10302.99,10341.91,31611956.0
2025-04-03,10245.75,10394.57,10199.96,10383.12,40141606.0
2025-04-07,9890.87,10229.72,9661.91,9913.76,92719776.0
2025-04-08,9909.18,10232.01,9824.47,10215.98,75597337.0
2025-04-09,10112.95,10348.78,10035.11,10273.22,55132482.0
2025-04-10,10236.59,10291.54,10131.27,10259.49,43656185.0
2025-04-11,10211.4,10330.46,10103.8,10325.88,30408872.0
2025-04-14,10325.88,10337.33,9982.45,10048.85,66954566.0
2025-04-15,10048.85,10296.12,9973.29,10270.93,51724300.0
2025-04-16,10229.72,10387.7,10183.93,10367.09,34048085.0
2025-04-17,10332.75,10332.75,10215.98,10298.41,20241345.0
2025-04-18,10273.22,10417.46,10241.17,10371.67,22543761.0
2025-04-21,10360.23,10394.57,10282.38,10346.49,20695449.0
2025-04-22,10341.91,10529.65,10309.86,10428.91,21666459.0
2025-04-23,10463.26,10474.7,10337.33,10369.38,22135189.0
2025-04-24,10369.38,10426.62,10302.99,10394.57,20435141.0
2025-04-25,10373.96,10424.33,10323.59,10353.36,23313706.0
2025-04-28,10717.4,10829.58,10589.18,10657.87,86370364.0
2025-04-29,10699.08,10726.55,10497.6,10593.76,33777860.0
2025-04-30,10612.08,10623.52,10422.04,10431.2,33052285.0
2025-05-06,10506.76,10545.68,10373.96,10410.6,39160845.0
2025-05-07,10527.36,10612.08,10486.15,10554.84,40618040.0
2025-05-08,10575.44,10680.76,10557.13,10651.0,26715983.0
2025-05-09,10687.63,10802.11,10653.29,10760.9,31742361.0
2025-05-12,10802.11,10829.58,10710.53,10738.0,33505872.0
2025-05-13,10760.9,10792.95,10717.4,10756.32,24868039.0
2025-05-14,10760.9,10811.27,10678.47,10738.0,33151376.0
2025-05-15,10777.09,10823.88,10702.23,10807.5,28851508.0
2025-05-16,10809.84,10833.23,10632.05,10662.47,31092520.0
2025-05-19,10690.54,10732.64,10639.07,10692.88,22071491.0
2025-05-20,10702.23,10994.64,10685.86,10994.64,47033680.0
2025-05-21,10971.25,11057.8,10936.16,10964.23,21147726.0
2025-05-22,10966.57,11067.16,10966.57,11013.36,22898444.0
2025-05-23,10996.98,11095.23,10865.98,10891.72,32748885.0
2025-05-26,10894.05,10924.47,10732.64,10770.07,25722090.0
2025-05-27,10772.41,10877.68,10772.41,10802.82,17854291.0
2025-05-28,10844.93,10938.5,10744.34,10919.79,23138683.0
2025-05-29,10901.07,10945.52,10760.72,10774.75,35263669.0
2025-05-30,10777.09,10887.04,10727.97,10858.97,31870676.0
2025-06-03,10814.52,10840.25,10480.0,10522.11,73364323.0
2025-06-04,10538.48,10664.8,10524.45,10601.64,30537264.0
2025-06-05,10615.68,10643.75,10487.02,10512.75,35648852.0
2025-06-06,10533.8,10545.5,10491.7,10496.38,22215171.0
2025-06-09,10526.79,10561.88,10444.91,10484.68,27446034.0
2025-06-10,10484.68,10543.16,10423.86,10444.91,33923602.0
2025-06-11,10437.89,10512.75,10421.52,10472.98,22664217.0
2025-06-12,10501.05,10524.45,10419.18,10494.04,27008411.0
2025-06-13,10458.95,10536.14,10444.91,10508.07,35220451.0
2025-06-16,10508.07,10561.88,10428.54,10433.22,30469816.0
2025-06-17,10435.55,10461.29,10372.39,10398.13,25659289.0
2025-06-18,10407.48,10491.7,10386.43,10405.14,21210606.0
2025-06-19,10400.47,10419.18,10302.22,10311.57,27509648.0
2025-06-20,10311.57,10447.25,10299.88,10442.57,24825448.0
2025-06-23,10433.22,10461.29,10339.64,10391.11,29072350.0
2025-06-24,10407.48,10526.79,10407.48,10503.39,29895386.0
2025-06-25,10510.41,10641.41,10472.98,10613.34,30318549.0
2025-06-26,10648.43,10711.59,10613.34,10643.75,25252654.0
2025-06-27,10660.13,10742.0,10557.2,10578.25,32309676.0
2025-06-30,10580.59,10653.11,10496.38,10508.07,32162211.0
2025-07-01,10538.48,10639.07,10491.7,10632.05,24245377.0
2025-07-02,10655.45,10929.14,10641.41,10856.63,54209594.0
2025-07-03,10901.07,10917.45,10819.2,10884.7,21712982.0
2025-07-04,10884.7,10957.22,10830.89,10933.82,19616992.0
2025-07-07,10971.25,10980.61,10849.61,10875.34,18980232.0
2025-07-08,10875.34,10975.93,10849.61,10901.07,25601761.0
2025-07-09,10905.75,10919.79,10786.45,10807.5,27491900.0
2025-07-10,10807.5,10882.36,10749.02,10840.25,20938269.0
2025-07-11,10877.68,11029.73,10865.98,10982.95,31834759.0
2025-07-14,11027.39,11153.72,10999.32,11053.13,30575544.0
2025-07-15,11081.2,11249.63,11029.73,11216.88,39774068.0
2025-07-16,11249.63,11249.63,11074.18,11106.93,27924858.0
2025-07-17,11106.93,11240.27,11088.22,11125.64,22569010.0
2025-07-18,11181.79,11205.18,11120.97,11200.5,21073924.0
2025-07-21,11202.84,11247.29,11085.88,11123.3,26950047.0
2025-07-22,11118.63,11209.86,11097.57,11202.84,29974224.0
2025-07-23,11214.54,11338.52,11209.86,11263.66,26358298.0
2025-07-24,11270.68,11284.72,11142.02,11179.45,31614250.0
2025-07-25,10877.68,11132.66,10877.68,10947.86,62199316.0
2025-07-28,10980.61,11018.04,10898.73,10908.09,38220070.0
2025-07-29,10912.77,10943.18,10763.05,10788.79,42760076.0
2025-07-30,10793.47,10915.11,10770.07,10847.27,32021729.0
2025-07-31,10849.61,10854.29,10643.75,10671.82,44771650.0
2025-08-01,10695.22,10772.41,10674.16,10734.98,23400138.0
2025-08-04,10732.64,10819.2,10702.23,10788.79,21078595.0
2025-08-05,10795.8,10945.52,10744.34,10929.14,27789351.0
2025-08-06,10952.54,10989.97,10903.41,10971.25,25552841.0
2025-08-07,10947.86,11029.73,10917.45,10994.64,26471071.0
2025-08-08,11004.0,11137.34,10971.25,11097.57,28078004.0
2025-08-11,11097.57,11123.3,11008.68,11048.45,24430892.0
2025-08-12,11064.82,11298.75,11039.09,11200.5,45065337.0
2025-08-13,11228.57,11256.64,11144.36,11165.41,27288191.0
2025-08-14,11179.45,11284.72,11158.39,11158.39,30276325.0
2025-08-15,11151.38,11186.47,11048.45,11179.45,35123143.0
2025-08-18,11179.45,11287.05,11113.95,11146.7,37044166.0
2025-08-19,11177.11,11263.66,10959.55,11008.68,63412126.0
2025-08-20,10947.86,11039.09,10896.39,11036.75,46944560.0
2025-08-21,10973.59,11006.34,10774.75,10910.43,76565752.0
2025-08-22,10989.97,11039.09,10884.7,11020.38,81658259.0
2025-08-25,11053.13,11251.97,11018.04,11251.97,76238238.0
2025-08-26,11228.57,11282.38,11163.07,11237.93,50896129.0
2025-08-27,11242.61,11310.45,11048.45,11050.79,69353156.0
2025-08-28,11050.79,11158.39,10980.61,11053.13,69702799.0
2025-08-29,10594.98,10594.98,10284.8,10404.48,254197017.0
2025-09-01,10402.04,10402.04,10099.18,10113.84,161570465.0
2025-09-02,10074.76,10221.3,10040.57,10140.7,85587058.0
2025-09-03,10319.0,10370.29,10135.82,10145.59,82252598.0
2025-09-04,10135.82,10148.03,10013.7,10060.11,70362967.0
2025-09-05,10050.34,10111.4,10016.14,10101.63,64346492.0
2025-09-08,10135.82,10189.55,10079.65,10116.28,62731800.0
2025-09-09,10121.17,10177.34,10077.2,10096.74,66671352.0
2025-09-10,10091.86,10104.07,10040.57,10052.78,49111192.0
2025-09-11,10055.22,10108.95,10016.14,10104.07,52817246.0
2025-09-12,10106.51,10123.61,10018.59,10025.91,66088369.0
2025-09-15,10023.47,10025.91,9935.55,9999.05,49279518.0
2025-09-16,9986.84,9986.84,9891.58,9891.58,55572498.0
2025-09-17,9881.81,9972.18,9859.83,9962.41,52592642.0
2025-09-18,9940.43,9981.95,9789.0,9820.75,58031218.0
2025-09-19,9796.33,9881.81,9771.91,9876.93,39340852.0
2025-09-22,9842.74,9850.06,9696.19,9727.94,58202671.0
2025-09-23,9720.62,9776.79,9637.58,9681.54,43424366.0
2025-09-24,9683.98,9779.23,9630.25,9767.02,36378047.0
2025-09-25,9740.16,9745.04,9635.14,9647.35,46899083.0
2025-09-26,9649.79,9781.68,9598.5,9732.83,45010754.0
2025-09-29,9732.83,9781.68,9635.14,9754.81,41019140.0
2025-09-30,9759.7,9769.47,9686.42,9701.08,39537615.0
2025-10-09,9703.52,9862.28,9622.92,9862.28,63809838.0
2025-10-10,9813.43,9974.62,9776.79,9869.6,60957628.0
2025-10-13,9720.62,9916.01,9669.33,9879.37,56569297.0
2025-10-14,9879.37,9962.41,9793.89,9911.12,55771099.0
2025-10-15,9928.22,10001.49,9879.37,9969.74,43886995.0
2025-10-16,9969.74,9999.05,9916.01,9957.53,39746859.0
2025-10-17,9947.76,10025.91,9810.99,9823.2,45180383.0
2025-10-20,9857.39,9959.97,9825.64,9957.53,39471511.0
2025-10-21,9957.53,9979.51,9879.37,9937.99,35437167.0
2025-10-22,9911.12,9967.3,9896.47,9908.68,30774274.0
2025-10-23,9903.8,9925.78,9820.75,9898.91,33112415.0
2025-10-24,9898.91,9952.64,9876.93,9891.58,29237985.0
2025-10-27,9898.91,10047.89,9894.03,10006.37,61652529.0
2025-10-28,10006.37,10050.34,9933.1,9945.32,33806125.0
2025-10-29,9945.32,9945.32,9896.47,9937.99,28743319.0
2025-10-30,9918.45,9962.41,9869.6,9884.26,43959553.0
2025-10-31,9718.18,9776.79,9652.23,9708.41,92155579.0
2025-11-03,9683.98,9730.39,9574.08,9652.23,61344390.0
2025-11-04,9647.35,9749.93,9625.37,9698.64,39819816.0
2025-11-05,9659.56,9740.16,9635.14,9701.08,28106983.0
2025-11-06,9698.64,9781.68,9683.98,9767.02,34753078.0
2025-11-07,9757.25,9789.0,9740.16,9774.35,24483224.0
2025-11-10,9793.89,9984.39,9791.45,9979.51,64099107.0
2025-11-11,9989.28,10035.68,9952.64,9994.16,46845273.0
2025-11-12,9996.61,10099.18,9996.61,10050.34,58015818.0
2025-11-13,10050.34,10091.86,9952.64,10013.7,44163842.0
2025-11-14,9981.95,10045.45,9918.45,9920.89,35122341.0
2025-11-17,9920.89,9920.89,9784.12,9815.87,36643971.0
2025-11-18,9815.87,9881.81,9781.68,9796.33,26568319.0
2025-11-19,9793.89,9840.29,9769.47,9808.54,21800637.0
2025-11-20,9813.43,9925.78,9784.12,9854.95,33290213.0
2025-11-21,9813.43,9945.32,9762.14,9830.52,55094877.0
2025-11-24,9832.97,9872.04,9771.91,9796.33,35530091.0
2025-11-25,9808.54,9818.31,9701.08,9786.56,41343501.0
2025-11-26,9786.56,9862.28,9774.35,9850.06,31965463.0
2025-11-27,9830.52,9886.7,9779.23,9850.06,29593024.0
2025-11-28,9837.85,9864.72,9796.33,9857.39,20437145.0
2025-12-01,9872.04,9977.07,9847.62,9977.07,40882755.0
2025-12-02,9977.07,10028.36,9930.66,9989.28,32049757.0
2025-12-03,9977.07,10050.34,9955.09,9967.3,37187297.0
2025-12-04,9959.97,10055.22,9940.43,9999.05,26462707.0
2025-12-05,9999.05,10035.68,9928.22,9981.95,27438229.0
2025-12-08,9984.39,10025.91,9920.89,9935.55,32810513.0
2025-12-09,9945.32,9974.62,9842.74,9854.95,29229290.0
2025-12-10,9842.74,9894.03,9806.1,9859.83,25869510.0
2025-12-11,9894.03,10033.24,9886.7,9928.22,45594136.0
2025-12-12,9945.32,10001.49,9911.12,9952.64,48713716.0
2025-12-15,9991.72,10028.36,9972.18,9981.95,36005941.0
2025-12-16,9959.97,9991.72,9940.43,9977.07,25155336.0
2025-12-17,9974.62,10062.55,9925.78,10038.13,42424973.0
2025-12-18,10038.13,10038.13,9972.18,10003.93,24735633.0
2025-12-19,10011.26,10050.34,9979.51,10047.89,30797640.0
2025-12-22,10047.89,10052.78,9977.07,9984.39,34582029.0
2025-12-23,9981.95,10050.34,9957.53,9989.28,33087233.0
2025-12-24,9967.3,9994.16,9928.22,9955.09,28664670.0
2025-12-25,9947.76,10023.47,9930.66,9991.72,26407937.0
2025-12-26,9984.39,9999.05,9942.87,9955.09,25917299.0
2025-12-29,9955.09,10043.01,9925.78,9945.32,39274100.0
2025-12-30,9930.66,9955.09,9859.83,9898.91,38389944.0
2025-12-31,9906.24,9967.3,9806.1,9823.2,50297268.0
2026-01-05,9852.51,9964.85,9823.2,9955.09,49672862.0
2026-01-06,9957.53,9979.51,9928.22,9969.74,39544734.0
2026-01-07,9969.74,9969.74,9872.04,9876.93,42363199.0
2026-01-08,9874.49,9886.7,9837.85,9876.93,27093040.0
2026-01-09,9874.49,9898.91,9857.39,9886.7,29290916.0
2026-01-12,9884.26,9911.12,9832.97,9898.91,39308410.0
2026-01-13,9916.01,9928.22,9830.52,9850.06,46147014.0
2026-01-14,9845.18,9864.72,9808.54,9818.31,45444621.0
2026-01-15,9818.31,9850.06,9793.89,9798.77,32484665.0
2026-01-16,9823.2,9886.7,9823.2,9854.95,45931038.0
2026-01-19,9857.39,9925.78,9857.39,9898.91,41436614.0
2026-01-20,9901.35,10099.18,9881.81,10082.09,90636128.0
2026-01-21,10086.97,10096.74,9928.22,9957.53,66252489.0
2026-01-22,9962.41,10025.91,9911.12,9977.07,47174320.0
2026-01-23,10006.38,10006.38,9863.68,9871.19,68553498.0
2026-01-26,9871.19,9908.75,9768.55,9781.07,62856664.0
2026-01-27,9788.58,9838.65,9736.01,9741.01,46123109.0
2026-01-28,9741.01,9741.01,9583.29,9595.81,72208428.0
2026-01-29,9580.79,9756.03,9510.69,9733.5,74727179.0
2026-01-30,9725.99,9811.11,9670.92,9688.44,44910424.0
2026-02-02,9663.41,9783.57,9638.37,9648.38,36721973.0
2026-02-03,9645.88,9710.97,9558.26,9603.32,37633116.0
2026-02-04,9578.29,9733.5,9558.26,9733.5,37966378.0
2026-02-05,9700.96,9763.54,9670.92,9743.52,34611483.0
2026-02-06,9713.47,9761.04,9643.38,9653.39,29860626.0
2026-02-09,9665.91,9688.44,9648.38,9668.41,23833517.0
2026-02-10,9668.41,9720.99,9648.38,9713.47,23227460.0
2026-02-11,9708.47,9728.5,9685.94,9693.45,18223907.0
2026-02-12,9673.42,9688.44,9610.83,9620.85,27163335.0
2026-02-13,9620.85,9643.38,9578.29,9605.83,19719414.0
2026-02-24,9663.41,9675.92,9608.33,9620.85,25206142.0
2026-02-25,9633.36,9708.47,9618.34,9635.87,33846463.0
2026-02-26,9388.02,9498.18,9388.02,9410.55,84341374.0
2026-02-27,9408.05,9430.58,9317.93,9375.51,47221795.0
2026-03-02,9337.95,9352.97,9265.35,9312.92,45275145.0
2026-03-03,9310.42,9375.51,9265.35,9285.38,45709825.0
2026-03-04,9262.85,9270.36,9162.71,9235.31,42985882.0
2026-03-05,9245.33,9292.89,9245.33,9272.86,24140281.0
2026-03-06,9262.85,9370.5,9225.3,9362.99,26663501.0
2026-03-09,9312.92,9383.02,9270.36,9345.46,30094311.0
2026-03-10,9355.48,9448.11,9347.97,9448.11,28565386.0
2026-03-11,9450.61,9480.65,9398.04,9463.13,27614505.0
2026-03-12,9438.09,9493.17,9408.05,9483.16,23999721.0
2026-03-13,9483.16,9678.43,9463.13,9663.41,59326449.0
2026-03-16,9638.37,9738.51,9610.83,9708.47,42274002.0
2026-03-17,9738.51,9813.61,9720.99,9748.52,43806523.0
2026-03-18,9748.52,9776.06,9690.94,9768.55,35354959.0
2026-03-19,9713.47,9758.54,9623.35,9653.39,31205238.0
2026-03-20,9650.89,9705.96,9545.74,9568.27,44759999.0
2026-03-23,9443.1,9450.61,9220.29,9247.83,55367938.0
2026-03-24,9300.4,9435.59,9267.86,9413.06,33340047.0
2026-03-25,9433.09,9550.75,9400.54,9545.74,26114192.0
2026-03-26,9553.25,9600.82,9488.16,9498.18,19284413.0
2026-03-27,9415.56,9515.7,9383.02,9483.16,19194682.0
2026-03-30,9390.53,9453.11,9362.99,9425.58,21303166.0
2026-03-31,9425.58,9605.83,9425.58,9468.13,30643446.0
2026-04-01,9530.72,9545.74,9470.64,9518.2,19276933.0
2026-04-02,9513.2,9515.7,9438.09,9475.64,19646235.0
2026-04-03,9465.63,9490.67,9357.98,9380.51,17213519.0
2026-04-07,9383.02,9390.53,9280.37,9345.46,20834069.0
2026-04-08,9423.07,9478.15,9413.06,9463.13,28502074.0
2026-04-09,9413.06,9458.12,9315.42,9342.96,25475196.0
2026-04-10,9335.45,9373.0,9300.4,9347.97,17131185.0
2026-04-13,9332.95,9332.95,9272.86,9302.91,18407516.0
2026-04-14,9312.92,9350.47,9287.88,9332.95,20105900.0
2026-04-15,9345.46,9378.01,9315.42,9360.48,22335168.0
2026-04-16,9362.99,9393.03,9320.43,9342.96,21937531.0
2026-04-17,9325.44,9325.44,9245.33,9250.33,38950350.0
2026-04-20,9245.33,9265.35,9212.78,9247.83,26978643.0
2026-04-21,9257.84,9312.92,9232.81,9240.32,27651661.0
2026-04-22,9240.32,9250.33,9165.21,9247.83,22773863.0
2026-04-23,9250.33,9282.88,9207.77,9252.84,22508945.0
2026-04-24,9215.28,9302.91,9190.25,9290.39,30838324.0
2026-04-27,9265.35,9475.64,9257.84,9390.53,45172356.0
2026-04-28,9365.49,9630.86,9352.97,9623.35,72504286.0
2026-04-29,10011.39,10234.2,9913.75,10131.55,200704092.0
2026-04-30,10136.56,10229.19,10026.41,10026.41,76438186.0
2026-05-06,10013.89,10051.44,9891.22,10001.37,61780035.0
2026-05-07,9988.86,10081.49,9951.3,9986.35,43750765.0
2026-05-08,9976.34,10061.46,9956.31,9991.36,38775561.0
2026-05-11,9976.34,10189.13,9913.75,10129.05,67935385.0
2026-05-12,10126.55,10226.69,10068.97,10099.01,46472460.0
2026-05-13,10086.49,10154.09,10033.92,10089.0,33782010.0
2026-05-14,10076.48,10161.6,10043.93,10068.97,37300235.0
2026-05-15,10036.42,10184.13,9993.86,10083.99,48979573.0
2026-05-18,10073.97,10164.1,9916.26,9941.29,40209061.0
2026-05-19,9938.79,9988.86,9876.2,9903.74,40094590.0
2026-05-20,9903.74,9943.79,9803.6,9891.22,34267226.0
2026-05-21,9891.22,9913.75,9718.48,9728.5,36224013.0
2026-05-22,9738.51,9761.04,9618.34,9698.45,38669956.0
2026-05-25,9698.45,9793.59,9613.34,9670.92,32513283.0
2026-05-26,9663.41,9763.54,9630.86,9733.5,33683354.0
2026-05-27,9713.47,9783.57,9573.28,9665.91,38481974.0
2026-05-28,9613.34,9635.87,9463.13,9483.16,37692867.0
2026-05-29,9513.2,9858.68,9513.2,9806.1,69477230.0
2026-06-01,9738.51,9836.14,9670.92,9786.08,48647735.0
2026-06-02,9786.08,9946.3,9763.54,9893.72,46282766.0
2026-06-03,9893.72,9933.78,9846.16,9888.72,29835548.0
2026-06-04,9888.72,9978.84,9713.47,9733.5,39044805.0
2026-06-05,9688.44,9831.14,9618.34,9628.36,36764069.0
2026-06-08,9565.77,9660.9,9495.67,9540.74,34263527.0
2026-06-09,9518.2,9533.22,9410.55,9483.16,39714611.0
2026-06-10,9478.15,9610.83,9418.06,9563.27,34744986.0
2026-06-11,9545.74,9675.92,9510.69,9638.37,38445616.0
2026-06-12,9600.82,9670.92,9538.23,9645.88,46132730.0
2026-06-15,9645.88,9648.38,9425.58,9478.15,65912328.0
2026-06-16,9468.13,9468.13,9330.44,9335.45,47144284.0
2026-06-17,9345.46,9362.99,9267.86,9300.4,36502104.0
2026-06-18,9287.88,9335.45,9172.72,9192.75,55184053.0
2026-06-22,9195.26,9352.97,9080.1,9260.35,50944190.0
2026-06-23,9312.92,9423.07,9250.33,9332.95,46696695.0
2026-06-24,9262.85,9332.95,9187.75,9290.39,34752606.0
2026-06-25,9277.87,9425.58,9255.34,9302.91,57219635.0
2026-06-26,9305.41,9347.97,9212.78,9267.86,44835086.0
2026-06-29,9375.51,9560.76,9275.37,9493.17,69785779.0
2026-06-30,9513.2,9613.34,9330.44,9388.02,57545608.0
2026-07-01,9398.04,9455.62,9220.29,9378.01,59715525.0
2026-07-02,9388.02,9575.78,9388.02,9513.2,64658110.0
2026-07-03,9565.77,9731.0,9495.67,9595.81,58954326.0
2026-07-06,9595.81,9788.58,9528.22,9763.54,61901125.0
2026-07-07,9718.48,9748.52,9588.3,9613.34,40120856.0
2026-07-08,9588.3,9688.44,9533.22,9648.38,30697061.0
2026-07-09,9613.34,9615.84,9525.71,9573.28,29216322.0
2026-07-10,9558.26,9633.36,9450.61,9575.78,38663225.0
2026-07-13,9563.27,9728.5,9543.24,9690.94,49507298.0
2026-07-14,9670.92,9811.11,9670.92,9808.61,49896226.0
2026-07-15,9773.56,9983.85,9763.54,9971.33,57960144.0
2026-07-16,9958.81,10031.42,9916.26,9971.33,40854825.0
2026-07-17,9971.33,10091.5,9933.78,10001.37,68310630.0
2026-07-20,9963.82,10214.17,9946.3,10159.09,76395219.0
2026-07-21,10151.58,10286.77,10041.43,10161.6,77721451.0
2026-07-22,10126.55,10244.21,10041.43,10229.19,51975410.0
2026-07-23,10176.62,10251.72,10134.06,10156.59,39883709.0
2026-07-24,10161.6,10239.2,10129.05,10129.05,39494076.0
2026-07-27,10121.54,10184.13,10068.97,10111.53,35925504.0
2026-07-28,10111.53,10224.18,10089.0,10214.17,38825049.0
2026-07-29,10211.67,10489.55,10211.67,10426.96,74451055.0
2026-07-30,10414.45,10634.75,10364.38,10632.25,67071653.0
2026-07-31,10512.08,10589.69,10371.89,10589.69,73817952.0
2026-08-03,10559.65,10584.68,10241.71,10254.22,80599528.0
2026-08-04,10246.71,10254.22,10066.46,10144.07,68791426.0
2026-08-05,10144.07,10176.62,9968.83,10081.49,51062168.0
2026-08-06,10068.97,10141.57,10018.9,10076.48,36755494.0
2026-08-07,10086.49,10104.02,9963.82,10038.93,38920706.0
2026-08-10,10033.92,10189.13,9981.35,10181.62,41726925.0
2026-08-11,10171.61,10214.17,10106.52,10149.08,31929068.0
2026-08-12,10139.07,10149.08,10013.89,10071.47,28171369.0
2026-08-13,10046.44,10126.55,10026.41,10073.97,26433216.0
2026-08-14,10051.44,10063.96,9988.86,9988.86,33124524.0
2026-08-17,10013.89,10036.42,9916.26,9986.35,32566960.0
2026-08-18,9983.85,10078.98,9943.79,10028.91,29512001.0
2026-08-19,10109.02,10386.91,10086.49,10344.35,75719584.0
2026-08-20,10326.83,10406.94,10264.24,10369.38,38571807.0
2026-08-21,10371.89,10446.99,10324.32,10324.32,43480715.0
2026-08-24,10329.33,10436.98,10274.25,10376.89,55547322.0
2026-08-25,10379.4,10509.58,10366.88,10419.45,48575709.0
2026-08-26,10429.47,10502.07,10376.89,10409.44,53850807.0
2026-08-27,10233.19,10406.76,10067.5,10327.86,77946436.0
2026-08-28,10283.16,10301.57,10146.4,10256.86,49487325.0
2026-08-31,10230.56,10312.08,10185.85,10243.71,37865756.0
2026-09-01,10243.71,10288.42,10138.51,10138.51,44568704.0
2026-09-02,10159.55,10193.74,10112.21,10120.1,30620704.0
2026-09-03,10120.1,10280.53,10096.43,10188.48,32154223.0
2026-09-04,10204.26,10296.31,10151.66,10251.6,33231054.0
2026-09-07,10251.6,10330.49,10199.0,10230.56,31411742.0
2026-09-08,10230.56,10241.08,10070.13,10070.13,45352612.0
2026-09-09,10085.91,10264.75,10056.98,10222.67,35218328.0
2026-09-10,10243.71,10301.57,10199.0,10243.71,21496068.0
2026-09-11,10225.3,10254.23,10156.92,10188.48,29800684.0
2026-09-14,10193.74,10275.27,10167.44,10180.59,21909932.0
2026-09-15,10167.44,10201.63,10072.76,10072.76,23830306.0
2026-09-16,10075.39,10122.73,9991.23,10020.16,33758186.0
2026-09-17,9993.86,10062.24,9975.45,9988.6,27048315.0
2026-09-18,10001.75,10146.4,9985.97,10141.14,29874210.0
2026-09-21,10138.51,10138.51,9949.15,9993.86,48987320.0
2026-09-22,9967.56,10078.02,9943.89,10041.2,34380434.0
2026-09-23,10046.46,10106.95,10033.31,10088.54,17229342.0
2026-09-24,10054.35,10185.85,10054.35,10125.36,25241336.0
