date,open,high,low,close,volume
2019-01-02,906.24,909.75,875.15,877.09,23226724.0
2019-01-03,878.84,878.84,847.76,859.87,27802962.0
2019-01-04,847.05,874.28,843.01,870.06,24149801.0
2019-01-07,876.38,880.77,861.1,866.02,23379693.0
2019-01-08,869.01,871.11,858.47,860.93,16784439.0
2019-01-09,867.78,889.91,863.21,878.67,33078486.0
2019-01-10,876.03,880.77,864.62,875.68,18637444.0
2019-01-11,879.02,891.66,873.22,890.26,24766779.0
2019-01-14,886.92,888.5,869.01,870.94,21780059.0
2019-01-15,873.75,932.58,869.53,930.3,50041349.0
2019-01-16,927.31,927.31,913.79,916.78,33007796.0
2019-01-17,920.29,927.14,905.54,911.86,23390986.0
2019-01-18,916.78,957.17,916.78,946.28,52123534.0
2019-01-21,959.81,990.01,959.28,983.52,54911173.0
2019-01-22,983.52,983.52,959.81,969.64,33569156.0
2019-01-23,963.85,975.61,958.93,967.18,20224228.0
2019-01-24,971.22,979.12,957.17,969.47,19359761.0
2019-01-25,975.61,980.88,961.04,970.34,24174003.0
2019-01-28,983.52,1028.3,974.73,1009.33,59237546.0
2019-01-29,1011.62,1028.83,995.81,1028.83,31713216.0
2019-01-30,1025.49,1039.19,1004.59,1006.0,28680178.0
2019-01-31,1013.55,1065.36,994.23,1059.04,52732368.0
2019-02-01,1067.82,1077.65,1057.63,1074.49,39035408.0
2019-02-11,1086.61,1145.62,1064.3,1136.31,43398199.0
2019-02-12,1138.95,1172.67,1129.29,1137.19,43764170.0
2019-02-13,1150.01,1163.36,1132.45,1160.37,37435649.0
2019-02-14,1158.27,1199.54,1151.94,1193.57,44614646.0
2019-02-15,1194.27,1197.78,1160.37,1166.17,31127211.0
2019-02-18,1178.46,1227.64,1178.46,1227.11,43977028.0
2019-02-19,1223.77,1237.65,1204.98,1223.6,33964852.0
2019-02-20,1220.61,1237.82,1190.76,1212.01,29628140.0
2019-02-21,1211.13,1216.05,1186.54,1195.15,28349805.0
2019-02-22,1183.56,1203.05,1173.19,1203.05,23804524.0
2019-02-25,1205.86,1261.89,1185.31,1251.52,59350605.0
2019-02-26,1246.25,1246.96,1208.32,1210.43,45065352.0
2019-02-27,1221.49,1272.95,1214.47,1230.45,48830743.0
2019-02-28,1225.88,1275.06,1203.23,1255.74,39447795.0
2019-03-01,1266.28,1336.88,1259.25,1333.01,49318998.0
2019-03-04,1345.13,1396.24,1326.17,1356.72,61247124.0
2019-03-05,1356.55,1379.73,1348.29,1365.86,33285888.0
2019-03-06,1356.72,1359.36,1334.77,1352.16,34185096.0
2019-03-07,1336.18,1336.18,1285.6,1299.12,46417664.0
2019-03-08,1259.95,1306.32,1247.13,1254.68,42140085.0
2019-03-11,1257.5,1343.73,1257.5,1334.77,45333022.0
2019-03-12,1332.66,1354.97,1313.17,1322.48,34597522.0
2019-03-13,1317.21,1355.14,1311.06,1343.55,32098342.0
2019-03-14,1350.58,1387.28,1329.85,1354.97,43831252.0
2019-03-15,1350.05,1397.82,1317.38,1383.6,40766689.0
2019-03-18,1381.84,1521.99,1378.68,1521.99,78502853.0
2019-03-19,1491.61,1556.24,1480.54,1510.4,61471264.0
2019-03-20,1492.84,1548.69,1482.3,1505.13,40412261.0
2019-03-21,1505.48,1510.4,1484.58,1491.08,21863519.0
2019-03-22,1484.93,1521.29,1475.45,1511.28,28722831.0
2019-03-25,1484.05,1501.62,1445.42,1454.37,33348523.0
2019-03-26,1461.22,1504.6,1460.7,1483.53,32321293.0
2019-03-27,1499.51,1579.77,1484.93,1545.17,49444264.0
2019-03-28,1577.14,1613.84,1545.7,1585.92,60734571.0
2019-03-29,1606.99,1722.56,1600.67,1668.46,57499553.0
2019-04-01,1668.46,1711.67,1650.9,1696.04,54871096.0
2019-04-02,1686.03,1694.46,1655.82,1687.08,35698969.0
2019-04-03,1661.61,1703.77,1661.61,1675.49,24743843.0
2019-04-04,1662.49,1783.15,1654.24,1760.32,51629797.0
2019-04-08,1837.94,1850.94,1756.45,1791.4,53574123.0
2019-04-09,1759.09,1934.19,1758.21,1932.26,47313725.0
2019-04-10,1861.65,1932.43,1808.97,1879.22,67314447.0
2019-04-11,1859.9,1877.46,1713.6,1752.77,67620791.0
2019-04-12,1719.4,1761.55,1703.59,1749.6,41082462.0
2019-04-15,1791.4,1843.04,1756.28,1766.82,46450328.0
2019-04-16,1731.69,1795.44,1704.64,1795.09,47471447.0
2019-04-17,1773.49,1852.52,1761.55,1819.86,42313686.0
2019-04-18,1814.59,1835.31,1787.89,1797.37,27866312.0
2019-04-19,1797.37,1798.78,1753.82,1785.43,30235053.0
2019-04-22,1773.84,1824.77,1765.06,1776.12,35074375.0
2019-04-23,1766.82,1870.44,1765.06,1831.97,52179397.0
2019-04-24,1844.09,1870.44,1773.84,1817.75,36260720.0
2019-04-25,1805.45,1826.53,1766.82,1766.82,32452314.0
2019-04-26,1754.52,1817.75,1754.52,1796.15,41070659.0
2019-04-29,1773.84,1846.02,1735.2,1796.5,57844278.0
2019-04-30,1791.4,1835.31,1773.84,1797.73,29919652.0
2019-05-06,1727.12,1732.22,1617.88,1617.88,71699288.0
2019-05-07,1638.61,1703.06,1638.61,1685.32,51724250.0
2019-05-08,1636.32,1715.18,1633.69,1683.92,33331643.0
2019-05-09,1666.71,1683.92,1581.0,1612.44,52505788.0
2019-05-10,1661.26,1747.15,1644.05,1742.23,59712662.0
2019-05-13,1738.72,1831.8,1703.59,1819.5,52161819.0
2019-05-14,1773.84,1843.92,1773.84,1799.83,43103407.0
2019-05-15,1830.04,1940.69,1811.78,1930.15,64752067.0
2019-05-16,1910.13,1966.86,1893.27,1931.55,42650271.0
2019-05-17,1914.69,1949.12,1843.92,1869.73,50119516.0
2019-05-20,1858.14,1860.43,1784.38,1826.53,39848030.0
2019-05-21,1826.7,1864.82,1789.65,1830.04,41802959.0
2019-05-22,1814.24,1846.37,1773.84,1814.41,28154190.0
2019-05-23,1795.27,1808.97,1744.51,1753.29,42803482.0
2019-05-24,1758.21,1806.86,1752.77,1774.19,32483843.0
2019-05-27,1782.62,1802.82,1729.93,1791.4,35118546.0
2019-05-28,1784.38,1830.04,1779.11,1810.72,42784082.0
2019-05-29,1791.05,1847.96,1784.38,1836.19,43169848.0
2019-05-30,1823.02,1847.6,1791.23,1811.25,24927582.0
2019-05-31,1815.99,1815.99,1774.37,1778.23,28848416.0
2019-06-03,1779.11,1818.63,1757.33,1781.92,26133637.0
2019-06-04,1798.08,1800.18,1732.22,1742.05,32098094.0
2019-06-05,1765.94,1766.99,1736.61,1739.59,23542007.0
2019-06-06,1750.85,1764.97,1727.26,1738.52,21720447.0
2019-06-10,1738.7,1807.14,1715.47,1794.81,34585705.0
2019-06-11,1807.68,1957.06,1799.1,1946.88,64152654.0
2019-06-12,1949.74,1962.07,1901.49,1922.93,38459328.0
2019-06-13,1930.26,1932.58,1878.98,1908.46,27469333.0
2019-06-14,1908.1,1942.41,1870.76,1875.58,34824273.0
2019-06-17,1875.58,1898.45,1824.65,1853.06,30060892.0
2019-06-18,1848.78,1878.62,1826.26,1859.85,23270902.0
2019-06-19,1925.97,1933.48,1891.66,1892.38,37826025.0
2019-06-20,1884.51,2021.04,1882.19,2018.71,63113288.0
2019-06-21,2002.45,2034.98,1987.09,2018.89,42898624.0
2019-06-24,2018.89,2097.88,2001.56,2056.06,42801426.0
2019-06-25,2056.06,2083.04,2001.38,2053.2,38759654.0
2019-06-26,2041.41,2052.13,2022.65,2033.9,20314890.0
2019-06-27,2046.23,2117.0,2046.23,2096.09,44692926.0
2019-06-28,2101.09,2114.67,2070.71,2107.7,27036146.0
2019-07-01,2165.42,2251.55,2163.1,2251.55,47980942.0
2019-07-02,2228.5,2287.29,2226.72,2287.29,38293861.0
2019-07-03,2269.42,2328.21,2182.58,2214.21,71443386.0
2019-07-04,2213.85,2231.18,2149.34,2199.55,48313464.0
2019-07-05,2206.88,2326.25,2197.95,2319.64,56284313.0
2019-07-08,2319.1,2319.46,2224.75,2269.96,46616192.0
2019-07-09,2264.42,2301.59,2224.75,2251.55,36763638.0
2019-07-10,2267.28,2277.29,2240.83,2259.24,24640005.0
2019-07-11,2277.46,2285.86,2194.91,2206.88,42100356.0
2019-07-12,2210.99,2261.02,2196.16,2244.05,33453302.0
2019-07-15,2216.17,2241.9,2171.14,2235.29,29438667.0
2019-07-16,2235.47,2251.55,2201.34,2208.31,22980004.0
2019-07-17,2206.88,2229.04,2189.01,2208.67,19844862.0
2019-07-18,2207.06,2220.28,2162.21,2162.21,27961769.0
2019-07-19,2180.08,2213.67,2163.99,2182.58,23843334.0
2019-07-22,2185.44,2211.88,2168.1,2205.99,22928970.0
2019-07-23,2210.45,2211.88,2120.75,2145.23,42676139.0
2019-07-24,2148.27,2164.53,2126.47,2135.4,28278572.0
2019-07-25,2131.83,2175.97,2076.43,2174.36,43975274.0
2019-07-26,2158.81,2189.01,2153.27,2166.67,23523112.0
2019-07-29,2171.14,2219.03,2160.96,2211.35,35604106.0
2019-07-30,2217.6,2227.97,2189.01,2196.16,23894477.0
2019-07-31,2183.65,2199.73,2149.34,2157.02,24268263.0
2019-08-01,2144.87,2167.92,2110.92,2127.0,26073594.0
2019-08-02,2078.4,2120.21,2073.22,2110.74,27001114.0
2019-08-05,2082.33,2133.44,2076.79,2089.83,26994647.0
2019-08-06,2087.15,2176.5,2042.48,2167.21,53310230.0
2019-08-07,2176.5,2177.4,2123.97,2124.32,25685751.0
2019-08-08,2135.22,2173.11,2131.11,2153.63,25217971.0
2019-08-09,2171.14,2179.72,2099.66,2108.96,27818507.0
2019-08-12,2162.03,2201.52,2126.65,2195.09,39537008.0
2019-08-13,2180.08,2197.95,2169.0,2185.44,19187436.0
2019-08-14,2219.39,2269.42,2207.06,2248.87,41626948.0
2019-08-15,2214.03,2259.42,2207.06,2251.2,24699937.0
2019-08-16,2260.49,2305.16,2240.83,2256.91,31217017.0
2019-08-19,2274.78,2301.77,2246.73,2285.51,31274691.0
2019-08-20,2287.29,2326.96,2281.93,2315.71,30661661.0
2019-08-21,2313.92,2320.89,2280.14,2284.61,23290010.0
2019-08-22,2293.37,2340.9,2284.79,2331.97,30208688.0
2019-08-23,2332.68,2353.05,2308.38,2324.82,32066729.0
2019-08-26,2285.51,2305.16,2262.28,2276.93,28321987.0
2019-08-27,2301.05,2381.64,2295.33,2365.56,37967088.0
2019-08-28,2380.21,2440.08,2353.41,2393.08,34376375.0
2019-08-29,2401.66,2461.34,2389.51,2448.12,31629032.0
2019-08-30,2466.88,2557.12,2466.52,2528.53,44079767.0
2019-09-02,2528.53,2547.29,2467.77,2535.5,32990052.0
2019-09-03,2537.47,2551.58,2491.0,2528.53,27475366.0
2019-09-04,2502.8,2519.6,2457.05,2471.53,38055567.0
2019-09-05,2470.99,2506.02,2462.41,2482.07,30024701.0
2019-09-06,2495.47,2503.51,2452.05,2501.91,27932773.0
2019-09-09,2502.8,2514.77,2476.71,2487.43,22490260.0
2019-09-10,2469.56,2474.92,2434.0,2452.59,24783638.0
2019-09-11,2412.38,2423.1,2299.44,2309.81,70230982.0
2019-09-12,2278.36,2361.27,2278.36,2350.73,41275448.0
2019-09-16,2331.43,2355.2,2306.95,2339.47,23810803.0
2019-09-17,2324.82,2389.86,2315.53,2350.55,25786137.0
2019-09-18,2360.56,2428.82,2358.95,2422.39,36393551.0
2019-09-19,2430.25,2434.72,2389.33,2410.95,18204494.0
2019-09-20,2421.31,2457.41,2421.31,2445.26,25790534.0
2019-09-23,2443.11,2443.11,2358.77,2409.7,20957318.0
2019-09-24,2398.98,2460.98,2398.98,2439.36,26869373.0
2019-09-25,2430.25,2463.84,2406.3,2439.9,18963438.0
2019-09-26,2447.58,2459.2,2382.89,2396.3,21939303.0
2019-09-27,2378.61,2417.74,2362.34,2390.94,16671138.0
2019-09-30,2376.64,2393.62,2314.1,2319.46,26543399.0
2019-10-08,2319.46,2404.7,2319.46,2372.35,22689638.0
2019-10-09,2376.64,2378.25,2335.54,2355.38,16882911.0
2019-10-10,2298.19,2352.52,2252.98,2340.72,29345896.0
2019-10-11,2349.84,2370.39,2305.16,2345.37,22670709.0
2019-10-14,2376.64,2385.57,2328.39,2338.4,21041065.0
2019-10-15,2340.9,2386.11,2323.03,2371.1,27487661.0
2019-10-16,2321.24,2345.37,2300.52,2325.35,27437116.0
2019-10-17,2340.9,2343.22,2318.56,2328.39,14755560.0
2019-10-18,2322.67,2322.67,2263.53,2274.78,32536856.0
2019-10-21,2274.78,2296.23,2253.88,2289.44,16563683.0
2019-10-22,2305.16,2311.95,2287.29,2305.16,14442132.0
2019-10-23,2305.16,2324.46,2269.78,2275.14,19181167.0
2019-10-24,2279.25,2290.87,2220.28,2225.29,27060582.0
2019-10-25,2236.36,2296.23,2223.32,2290.87,25785280.0
2019-10-28,2291.22,2337.33,2274.43,2323.93,23636430.0
2019-10-29,2340.9,2370.39,2327.68,2349.84,21468578.0
2019-10-30,2349.84,2356.45,2315.53,2340.01,13281604.0
2019-10-31,2424.17,2430.25,2353.59,2360.2,33327198.0
2019-11-01,2371.28,2397.73,2356.09,2389.15,22376828.0
2019-11-04,2392.72,2427.57,2391.65,2394.33,22047279.0
2019-11-05,2403.44,2417.38,2386.47,2399.51,16396464.0
2019-11-06,2412.02,2412.02,2367.88,2370.03,19092258.0
2019-11-07,2370.21,2385.4,2360.91,2379.68,10399280.0
2019-11-08,2399.87,2441.51,2394.51,2405.05,28921955.0
2019-11-11,2394.51,2410.23,2358.77,2371.64,21772694.0
2019-11-12,2378.43,2391.83,2362.17,2383.25,16013871.0
2019-11-13,2390.94,2417.38,2370.92,2405.59,18158898.0
2019-11-14,2406.12,2421.31,2388.79,2404.34,18723881.0
2019-11-15,2412.02,2412.02,2376.64,2382.54,13065315.0
2019-11-18,2384.15,2396.12,2367.71,2376.64,13464186.0
2019-11-19,2376.64,2389.15,2368.96,2385.57,15571662.0
2019-11-20,2376.64,2422.39,2373.07,2394.51,21008904.0
2019-11-21,2388.26,2398.98,2375.03,2388.43,12816526.0
2019-11-22,2383.25,2395.76,2288.19,2304.63,28311900.0
2019-11-25,2292.65,2315.53,2246.55,2299.8,23431277.0
2019-11-26,2299.98,2335.9,2299.98,2335.9,17290856.0
2019-11-27,2331.79,2364.13,2318.21,2349.66,15469072.0
2019-11-28,2358.95,2373.07,2321.24,2337.51,11386396.0
2019-11-29,2333.75,2333.75,2251.55,2279.25,25875927.0
2019-12-02,2277.46,2304.09,2237.26,2269.42,14121785.0
2019-12-03,2257.99,2265.67,2231.54,2252.27,13950866.0
2019-12-04,2286.58,2297.48,2267.28,2295.33,19221202.0
2019-12-05,2296.23,2299.8,2278.36,2290.15,11277894.0
2019-12-06,2289.97,2344.47,2287.47,2340.54,20298314.0
2019-12-09,2354.66,2376.28,2326.61,2331.79,13149531.0
2019-12-10,2320.89,2342.33,2314.1,2338.4,9711599.0
2019-12-11,2330.18,2338.22,2287.29,2301.95,14718510.0
2019-12-12,2305.16,2309.09,2274.78,2283.36,12977588.0
2019-12-13,2297.66,2326.96,2290.87,2314.45,16466625.0
2019-12-16,2326.96,2328.39,2280.14,2302.12,20212079.0
2019-12-17,2304.98,2328.93,2302.48,2327.5,25266098.0
2019-12-18,2331.97,2375.21,2327.5,2339.83,23557396.0
2019-12-19,2340.9,2352.52,2308.38,2320.53,13036263.0
2019-12-20,2323.03,2328.04,2303.38,2306.95,13045860.0
2019-12-23,2278.36,2314.1,2269.24,2289.79,15676477.0
2019-12-24,2295.16,2316.24,2294.44,2299.8,8308120.0
2019-12-25,2308.02,2308.56,2281.75,2289.08,10982186.0
2019-12-26,2289.08,2293.01,2274.43,2289.97,10114355.0
2019-12-27,2304.8,2327.5,2301.95,2305.16,19653000.0
2019-12-30,2308.74,2381.11,2297.66,2373.42,34011693.0
2019-12-31,2376.64,2396.65,2362.34,2376.82,19507442.0
2020-01-02,2358.77,2385.57,2315.71,2360.2,30667439.0
2020-01-03,2351.62,2360.02,2316.06,2332.86,20469248.0
2020-01-06,2323.03,2327.5,2296.58,2308.74,25936979.0
2020-01-07,2314.1,2342.15,2305.16,2311.77,22327793.0
2020-01-08,2304.98,2318.74,2288.19,2303.2,16180218.0
2020-01-09,2305.16,2344.47,2291.76,2336.79,25549057.0
2020-01-10,2331.97,2395.4,2331.97,2387.72,42969542.0
2020-01-13,2399.16,2501.73,2398.98,2495.65,49604194.0
2020-01-14,2503.51,2513.88,2469.56,2475.99,19907317.0
2020-01-15,2475.99,2551.94,2475.82,2516.02,23478904.0
2020-01-16,2516.02,2537.47,2489.22,2513.52,14535988.0
2020-01-17,2524.24,2533.89,2471.35,2475.82,14847814.0
2020-01-20,2511.55,2513.52,2444.54,2458.12,16753769.0
2020-01-21,2439.18,2439.18,2358.95,2369.85,29307308.0
2020-01-22,2340.72,2370.74,2318.74,2353.41,25753051.0
2020-01-23,2354.66,2354.66,2233.68,2254.41,41593668.0
2020-02-03,2028.9,2028.9,2028.9,2028.9,16763900.0
2020-02-04,1947.77,2144.34,1947.77,2046.05,71021426.0
2020-02-05,2071.07,2140.76,2038.91,2099.84,38878339.0
2020-02-06,2126.47,2143.26,2083.58,2129.15,30655105.0
2020-02-07,2130.93,2160.96,2101.63,2154.7,28011695.0
2020-02-10,2135.4,2185.97,2118.96,2164.53,22187650.0
2020-02-11,2164.89,2242.62,2164.89,2229.93,24577382.0
2020-02-12,2224.75,2238.15,2193.84,2224.57,17511362.0
2020-02-13,2231.54,2263.35,2204.56,2218.32,17862884.0
2020-02-14,2219.39,2249.41,2188.12,2205.63,16971973.0
2020-02-17,2201.16,2221.18,2190.44,2221.18,23816908.0
2020-02-18,2212.24,2221.18,2198.12,2204.91,12872775.0
2020-02-19,2211.88,2272.64,2192.23,2251.55,31662776.0
2020-02-20,2269.42,2333.4,2267.46,2325.71,33466160.0
2020-02-21,2323.03,2344.47,2305.52,2323.03,20743751.0
2020-02-24,2312.31,2312.31,2264.06,2271.21,23560124.0
2020-02-25,2230.11,2269.42,2213.31,2239.05,24063330.0
2020-02-26,2212.78,2259.06,2197.95,2217.6,21417866.0
2020-02-27,2230.11,2282.83,2224.75,2256.91,23573167.0
2020-02-28,2215.81,2216.35,2126.47,2155.06,36601211.0
2020-03-02,2146.12,2208.67,2137.19,2191.69,26982238.0
2020-03-03,2210.45,2249.41,2210.45,2222.43,23092324.0
2020-03-04,2215.81,2250.3,2215.81,2238.51,19757510.0
2020-03-05,2261.38,2410.23,2251.55,2380.21,56561987.0
2020-03-06,2358.77,2410.23,2323.03,2324.28,29165822.0
2020-03-09,2287.29,2291.76,2252.27,2256.91,24454158.0
2020-03-10,2256.91,2352.16,2255.13,2335.9,31077221.0
2020-03-11,2367.71,2373.07,2314.1,2321.24,18763487.0
2020-03-12,2267.28,2289.26,2249.05,2252.27,25266000.0
2020-03-13,2144.34,2237.62,2124.32,2190.8,35088698.0
2020-03-16,2169.35,2187.22,2044.45,2063.92,37024247.0
2020-03-17,2046.05,2101.09,1940.27,2007.81,35297954.0
2020-03-18,2022.82,2072.32,1906.49,1922.58,40442259.0
2020-03-19,1890.59,1912.03,1762.47,1824.65,60169789.0
2020-03-20,1864.14,1959.57,1862.18,1939.02,42206390.0
2020-03-23,1858.43,1903.1,1841.27,1867.54,32826540.0
2020-03-24,1913.46,1963.68,1894.88,1948.67,35636342.0
2020-03-25,2021.04,2054.27,1998.52,2037.12,30947333.0
2020-03-26,2018.89,2078.22,1999.59,2035.15,20880123.0
2020-03-27,2065.71,2105.02,2065.71,2069.46,23543496.0
2020-03-30,2016.03,2037.48,1996.02,2023.36,20580583.0
2020-03-31,2054.99,2083.4,2038.19,2058.56,18849621.0
2020-04-01,2072.86,2090.55,2044.98,2054.99,17596852.0
2020-04-02,2037.12,2094.12,2028.54,2094.12,19153739.0
2020-04-03,2103.24,2134.87,2087.15,2100.02,17580586.0
2020-04-07,2155.06,2226.18,2155.06,2218.32,29451150.0
2020-04-08,2218.32,2251.38,2205.63,2238.69,20113362.0
2020-04-09,2263.17,2280.14,2198.12,2233.33,15879620.0
2020-04-10,2233.33,2301.59,2219.39,2260.85,19896089.0
2020-04-13,2236.36,2269.78,2219.39,2233.68,14606018.0
2020-04-14,2262.45,2303.02,2237.26,2295.33,19461888.0
2020-04-15,2295.69,2328.04,2273.18,2285.68,16296718.0
2020-04-16,2269.6,2283.72,2242.98,2253.34,18825435.0
2020-04-17,2272.46,2317.67,2264.78,2301.95,23471089.0
2020-04-20,2321.6,2331.61,2303.02,2310.7,13218834.0
2020-04-21,2288.72,2304.27,2235.11,2259.95,20552372.0
2020-04-22,2261.2,2340.72,2241.19,2328.39,26598477.0
2020-04-23,2344.47,2399.87,2337.33,2342.51,21331870.0
2020-04-24,2345.19,2381.82,2311.77,2348.05,16773324.0
2020-04-27,2367.88,2387.72,2329.82,2371.28,15934244.0
2020-04-28,2430.25,2523.53,2403.62,2483.86,42077345.0
2020-04-29,2483.86,2504.41,2394.51,2421.31,29183204.0
2020-04-30,2421.31,2487.43,2394.87,2426.14,22864055.0
2020-05-06,2403.44,2484.75,2394.15,2469.74,25104481.0
2020-05-07,2472.78,2537.47,2454.73,2535.86,27796178.0
2020-05-08,2549.08,2600.01,2518.34,2553.55,24326698.0
2020-05-11,2559.27,2592.86,2519.6,2534.78,23681991.0
2020-05-12,2519.6,2569.45,2517.63,2553.55,15184489.0
2020-05-13,2553.55,2612.7,2542.83,2608.94,19635029.0
2020-05-14,2607.16,2626.81,2580.35,2614.3,15361261.0
2020-05-15,2635.75,2644.5,2574.63,2595.01,16064447.0
2020-05-18,2591.07,2724.38,2583.93,2701.69,24881015.0
2020-05-19,2739.93,2742.79,2687.03,2705.8,17650556.0
2020-05-20,2725.09,2733.67,2689.53,2695.61,17041214.0
2020-05-21,2713.66,2743.5,2698.83,2710.44,17092150.0
2020-05-22,2694.0,2694.36,2566.95,2577.67,38352639.0
2020-05-25,2573.38,2633.96,2521.38,2627.35,24355991.0
2020-05-26,2627.35,2664.7,2611.62,2641.29,16511925.0
2020-05-27,2641.47,2651.83,2603.22,2611.8,14596302.0
2020-05-28,2611.62,2645.04,2582.14,2611.8,14818404.0
2020-05-29,2591.07,2655.23,2588.04,2648.26,16321720.0
2020-06-01,2681.49,2862.33,2681.49,2833.92,35784358.0
2020-06-02,2830.35,2924.34,2823.73,2837.14,29158586.0
2020-06-03,2874.48,2890.57,2799.79,2827.67,25275933.0
2020-06-04,2823.91,2858.76,2805.51,2838.57,13631755.0
2020-06-05,2843.21,2871.27,2816.23,2860.72,15985906.0
2020-06-08,2850.18,2947.57,2846.61,2870.02,22255110.0
2020-06-09,2869.48,2912.72,2841.43,2905.76,16111888.0
2020-06-10,2906.47,2926.66,2878.41,2904.5,14948146.0
2020-06-11,2891.28,2908.08,2822.48,2860.37,19946097.0
2020-06-12,2805.51,2892.71,2789.42,2885.92,17647613.0
2020-06-15,2841.25,2874.84,2796.57,2805.51,26621961.0
2020-06-16,2807.29,2845.89,2794.79,2817.66,25984652.0
2020-06-17,2810.15,2814.44,2750.11,2785.49,23242329.0
2020-06-18,2798.36,2833.74,2786.92,2829.81,19949002.0
2020-06-19,2832.31,2975.27,2831.06,2958.65,38702809.0
2020-06-22,2970.06,2970.06,2915.73,2951.95,21631228.0
2020-06-23,2951.95,3049.74,2935.29,3042.14,26532477.0
2020-06-24,3049.92,3102.26,3024.39,3053.55,18798602.0
2020-06-29,3017.33,3051.55,3002.66,3033.44,19993555.0
2020-06-30,3052.28,3108.96,3051.55,3099.0,18989762.0
2020-07-01,3099.0,3352.18,3099.0,3295.68,27181836.0
2020-07-02,3259.82,3483.3,3257.65,3431.68,34887021.0
2020-07-03,3440.74,3449.98,3305.1,3417.74,30815941.0
2020-07-06,3417.56,3549.58,3360.51,3491.99,32843107.0
2020-07-07,3491.27,3737.56,3446.72,3656.25,38411125.0
2020-07-08,3649.19,3727.06,3603.91,3682.87,29232255.0
2020-07-09,3683.42,3719.09,3649.19,3689.39,29524349.0
2020-07-10,3676.35,3835.72,3636.51,3748.79,33547581.0
2020-07-13,3748.79,4074.77,3748.79,3951.63,48880722.0
2020-07-14,3953.44,4080.75,3839.89,4000.52,43873308.0
2020-07-15,3966.11,4092.89,3940.76,4055.76,37169954.0
2020-07-16,4002.33,4003.24,3650.27,3650.27,70573669.0
2020-07-17,3531.47,3797.69,3531.47,3719.64,52976677.0
2020-07-20,3721.63,3775.96,3459.21,3652.45,44290656.0
2020-07-21,3640.13,3783.2,3600.29,3723.08,31785876.0
2020-07-22,3698.99,3855.1,3671.82,3783.2,28066323.0
2020-07-23,3754.23,3837.53,3723.44,3804.39,26541311.0
2020-07-24,3766.9,3784.11,3585.8,3647.2,40538626.0
2020-07-27,3683.42,3745.17,3647.56,3696.27,24634688.0
2020-07-28,3728.69,3928.81,3706.6,3875.56,38449712.0
2020-07-29,3881.9,3902.37,3785.19,3893.31,30136414.0
2020-07-30,3875.56,3948.91,3857.45,3917.58,25322564.0
2020-07-31,3921.02,4002.52,3880.63,3938.95,26231782.0
2020-08-03,3951.26,3982.96,3897.3,3942.93,20145355.0
2020-08-04,3938.95,3980.6,3875.56,3908.16,20676941.0
2020-08-05,3904.54,3943.66,3857.45,3938.59,18671238.0
2020-08-06,3938.59,3957.78,3796.97,3821.6,32304359.0
2020-08-07,3803.12,3857.45,3679.61,3753.5,28723584.0
2020-08-10,3753.5,3782.84,3675.27,3729.6,19152100.0
2020-08-11,3748.79,3863.79,3748.79,3785.01,25009077.0
2020-08-12,3765.45,3800.95,3677.08,3739.19,18024993.0
2020-08-13,3766.9,3803.12,3721.63,3746.98,12320969.0
2020-08-14,3736.12,3862.89,3734.67,3855.64,24431491.0
2020-08-17,3884.62,4020.44,3884.62,3984.04,31515599.0
2020-08-18,3984.04,4038.55,3950.18,3994.55,19038249.0
2020-08-19,3992.74,4092.16,3934.78,4024.07,23847268.0
2020-08-20,3984.22,4000.89,3911.78,3919.75,18490663.0
2020-08-21,3984.22,4001.97,3919.75,3955.25,15731861.0
2020-08-24,3983.86,4098.32,3969.56,4074.77,23152218.0
2020-08-25,4092.89,4287.57,4092.7,4266.74,28547871.0
2020-08-26,4263.12,4344.07,4205.17,4285.76,26209992.0
2020-08-27,4327.95,4327.95,4185.97,4311.66,21348858.0
2020-08-28,4273.62,4434.44,4223.28,4355.48,32724152.0
2020-08-31,4382.65,4467.76,4346.43,4346.43,31571514.0
2020-09-01,4300.79,4342.8,4221.47,4278.33,30087024.0
2020-09-02,4259.5,4342.44,4234.14,4255.88,19633125.0
2020-09-03,4263.12,4400.76,4259.32,4321.8,27569574.0
2020-09-04,4237.77,4237.77,4097.77,4169.31,37092062.0
2020-09-07,4153.55,4227.81,4076.59,4109.0,23622659.0
2020-09-08,4113.53,4153.55,3940.76,4019.18,35708526.0
2020-09-09,3962.67,3996.18,3911.78,3929.89,22706135.0
2020-09-10,3984.22,4088.54,3983.5,4042.18,23154133.0
2020-09-11,4010.48,4126.93,3987.48,4126.93,20470064.0
2020-09-14,4148.66,4191.4,4059.92,4166.77,20749216.0
2020-09-15,4165.33,4190.68,4129.11,4171.3,12036547.0
2020-09-16,4178.73,4204.99,4074.77,4093.25,18453747.0
2020-09-17,4021.53,4092.89,3964.3,4032.22,22801632.0
2020-09-18,4032.22,4156.63,3999.07,4156.63,19015650.0
2020-09-21,4129.11,4157.18,4065.18,4072.96,13028469.0
2020-09-22,4028.78,4106.83,4020.44,4036.74,12091370.0
2020-09-23,3922.65,4011.21,3847.67,3971.91,25179488.0
2020-09-24,3949.45,4009.04,3909.61,3917.22,16365237.0
2020-09-25,3930.08,3974.08,3918.48,3933.52,11251653.0
2020-09-28,3954.16,4035.84,3948.0,3986.58,15264425.0
2020-09-29,4020.44,4034.93,3961.95,3979.33,9972097.0
2020-09-30,4002.33,4074.77,3986.04,4002.33,16234185.0
2020-10-09,4074.77,4157.18,4043.81,4121.32,20893388.0
2020-10-12,4147.22,4382.83,4147.22,4378.12,32455704.0
2020-10-13,4378.12,4429.73,4325.42,4387.54,17191051.0
2020-10-14,4378.84,4424.84,4313.47,4335.56,18319372.0
2020-10-15,4337.55,4355.48,4316.36,4326.69,11176087.0
2020-10-16,4326.51,4361.28,4260.22,4289.92,11835750.0
2020-10-19,4346.43,4375.4,4248.63,4277.25,12290083.0
2020-10-20,4273.99,4364.54,4255.88,4364.17,17996331.0
2020-10-21,4364.17,4413.43,4340.81,4378.48,13707691.0
2020-10-22,4382.65,4400.58,4286.3,4377.94,15041607.0
2020-10-23,4360.73,4386.99,4279.42,4285.4,13452273.0
2020-10-26,4165.33,4248.45,4038.55,4212.59,16000039.0
2020-10-27,4219.84,4262.21,4178.0,4228.71,14302682.0
2020-10-28,4255.88,4382.65,4227.26,4346.06,17076230.0
2020-10-29,4324.69,4595.8,4319.08,4527.53,34962748.0
2020-10-30,4472.29,4527.53,4405.65,4425.21,23948951.0
2020-11-02,4474.47,4546.54,4427.92,4449.65,15733705.0
2020-11-03,4493.12,4534.77,4446.03,4534.77,16535083.0
2020-11-04,4532.06,4581.86,4496.74,4581.86,12992837.0
2020-11-05,4636.01,4705.91,4600.87,4697.94,18968980.0
2020-11-06,4709.53,4730.36,4618.98,4695.95,15116483.0
2020-11-09,4726.74,4889.73,4719.49,4889.73,20628388.0
2020-11-10,4903.13,5046.38,4839.93,4940.44,22308070.0
2020-11-11,4902.41,5052.72,4859.85,4869.81,22787338.0
2020-11-12,4869.81,4916.71,4799.18,4847.17,17623158.0
2020-11-13,4799.18,4842.1,4672.41,4799.18,18843071.0
2020-11-16,4853.51,4946.78,4772.2,4944.06,19577792.0
2020-11-17,4943.88,4972.13,4817.29,4873.43,17947672.0
2020-11-18,4853.33,4881.04,4690.52,4776.0,19456273.0
2020-11-19,4751.01,4822.72,4708.63,4793.75,12448246.0
2020-11-20,4827.07,4898.78,4795.56,4862.02,11122604.0
2020-11-23,4916.9,5030.45,4916.9,4936.45,15634214.0
2020-11-24,4936.45,4936.82,4835.4,4922.15,12503527.0
2020-11-25,4922.33,4933.01,4759.52,4762.42,16559440.0
2020-11-26,4747.93,4802.44,4576.43,4719.13,19905229.0
2020-11-27,4719.13,4750.46,4674.22,4750.28,11259290.0
2020-11-30,4720.4,4744.67,4593.63,4599.97,21174104.0
2020-12-01,4618.08,4688.35,4618.08,4672.23,13648057.0
2020-12-02,4708.63,4744.67,4656.11,4718.59,11637763.0
2020-12-03,4709.72,4744.85,4689.98,4738.15,9208685.0
2020-12-04,4717.68,4853.51,4711.35,4838.84,17051140.0
2020-12-07,4839.2,4983.9,4839.2,4894.08,19621618.0
2020-12-08,4917.8,4963.08,4863.47,4925.95,14777562.0
2020-12-09,4944.06,4962.17,4880.67,4884.66,11677649.0
2020-12-10,4871.62,4925.95,4840.83,4847.53,13410208.0
2020-12-11,4868.9,4889.55,4770.2,4844.82,15005255.0
2020-12-14,4862.56,4953.12,4818.74,4946.78,18174424.0
2020-12-15,4946.78,4949.49,4841.01,4904.22,14611814.0
2020-12-16,4944.06,4980.28,4925.95,4968.15,16025487.0
2020-12-17,4971.95,5070.83,4965.97,5031.17,19976098.0
2020-12-18,5014.69,5065.04,4963.62,5013.97,15082525.0
2020-12-21,4985.89,5106.69,4985.89,5105.42,16188978.0
2020-12-22,5124.8,5215.71,5106.51,5113.93,18706371.0
2020-12-23,5125.16,5224.77,4980.28,5039.86,25221586.0
2020-12-24,4998.39,5050.91,4932.47,4986.08,15616076.0
2020-12-25,4936.82,5024.29,4916.9,4996.94,11111390.0
2020-12-28,4998.39,5182.39,4998.03,5178.59,19381209.0
2020-12-29,5180.94,5191.44,5055.98,5088.94,14658930.0
2020-12-30,5123.17,5208.47,5093.65,5195.43,16882539.0
2020-12-31,5215.89,5332.88,5215.71,5285.44,16003830.0
2021-01-04,5288.15,5433.03,5287.97,5397.72,23427822.0
2021-01-05,5382.32,5794.87,5333.43,5794.87,31460633.0
2021-01-06,5797.95,6078.84,5755.21,5945.55,31343033.0
2021-01-07,5945.73,5988.65,5742.35,5976.34,24255948.0
2021-01-08,5977.42,6005.31,5594.94,5740.91,37870249.0
2021-01-11,5730.58,5731.85,5423.98,5454.77,38195291.0
2021-01-12,5414.02,5637.68,5396.81,5614.13,23025505.0
2021-01-13,5641.84,5677.16,5471.43,5529.56,23365302.0
2021-01-14,5505.47,5521.41,5233.82,5241.07,35489554.0
2021-01-15,5215.71,5293.4,5035.88,5210.28,41713251.0
2021-01-18,5161.38,5200.14,5058.7,5153.23,27255864.0
2021-01-19,5197.6,5251.93,5070.83,5098.0,29388857.0
2021-01-20,5070.83,5172.43,4979.19,5158.67,26404034.0
2021-01-21,5175.87,5414.74,5170.44,5377.8,29402390.0
2021-01-22,5343.93,5431.4,5298.66,5352.62,24946675.0
2021-01-25,5352.81,5728.77,5309.88,5717.18,41290940.0
2021-01-26,5717.18,5717.54,5525.39,5537.71,24143501.0
2021-01-27,5485.55,5485.55,5197.6,5298.66,30793847.0
2021-01-28,5219.88,5288.15,5125.16,5179.49,27607757.0
2021-01-29,5251.93,5345.02,5229.84,5272.58,22010914.0
2021-02-01,5306.44,5430.68,5293.4,5293.4,19575992.0
2021-02-02,5288.15,5511.45,5286.34,5507.65,29749240.0
2021-02-03,5501.85,5596.02,5453.32,5591.5,22454665.0
2021-02-04,5541.69,5737.28,5523.76,5679.33,28057460.0
2021-02-05,5686.76,5976.34,5686.57,5790.89,32891319.0
2021-02-08,5867.68,5985.39,5682.95,5795.24,26652998.0
2021-02-09,5831.46,5976.34,5756.48,5967.28,22477980.0
2021-02-10,6030.67,6260.3,6021.61,6205.43,33193163.0
2021-02-18,6419.85,6468.75,5992.45,6039.72,34381508.0
2021-02-19,6041.53,6269.72,5902.99,6237.12,27475002.0
2021-02-22,6193.66,6199.09,5631.88,5669.55,41458220.0
2021-02-23,5541.69,5847.03,5508.55,5704.68,27866832.0
2021-02-24,5704.68,5704.87,5227.48,5307.71,41724817.0
2021-02-25,5369.65,5432.67,5171.89,5232.01,24904649.0
2021-02-26,5080.97,5204.3,4907.84,5070.83,28897086.0
2021-03-01,5179.49,5324.37,5089.12,5234.18,25506327.0
2021-03-02,5309.88,5358.42,4985.71,5083.51,24412465.0
2021-03-03,4998.39,5193.98,4918.89,5166.81,21171711.0
2021-03-04,5070.83,5070.83,4799.18,4822.9,32935886.0
2021-03-05,4672.41,4929.39,4599.97,4826.34,29165040.0
2021-03-08,4853.51,4890.27,4426.84,4427.92,38365377.0
2021-03-09,4382.65,4513.04,4165.33,4391.7,43874577.0
2021-03-10,4491.31,4618.08,4475.01,4574.61,30958230.0
2021-03-11,4618.26,4880.67,4528.98,4799.9,30153094.0
2021-03-12,4873.43,4880.49,4632.02,4789.22,25143785.0
2021-03-15,4753.0,4826.34,4455.09,4545.82,24899734.0
2021-03-16,4556.5,4754.81,4537.49,4752.27,23165605.0
2021-03-17,4735.79,4854.05,4618.08,4786.68,19887801.0
2021-03-18,4799.18,4980.28,4799.18,4896.79,20130334.0
2021-03-19,4762.96,4799.18,4666.43,4722.94,19784981.0
2021-03-22,4725.83,4773.64,4612.83,4699.57,14278219.0
2021-03-23,4699.57,4780.71,4653.94,4749.38,12695157.0
2021-03-24,4692.15,4871.62,4683.64,4723.12,17942151.0
2021-03-25,4653.21,4670.42,4563.75,4635.83,18625855.0
2021-03-26,4672.41,4838.66,4632.93,4816.38,23020269.0
2021-03-29,4835.4,5069.93,4817.11,4927.58,28199481.0
2021-03-30,4898.78,5044.03,4898.78,4952.39,16870779.0
2021-03-31,4902.41,4902.41,4799.36,4853.15,13411104.0
2021-04-01,4889.73,4960.18,4835.58,4945.51,12114212.0
2021-04-02,5016.68,5161.38,4980.28,5153.41,22962623.0
2021-04-06,5178.59,5215.71,5107.05,5157.04,15550845.0
2021-04-07,5125.34,5136.93,4868.0,4905.12,24493627.0
2021-04-08,4799.18,4977.56,4782.16,4945.51,16211426.0
2021-04-09,4907.84,4935.01,4799.18,4804.61,14611556.0
2021-04-12,4802.8,4841.92,4708.63,4726.56,13323255.0
2021-04-13,4731.45,4857.49,4731.45,4761.15,13875729.0
2021-04-14,4761.33,4846.45,4731.27,4777.09,14817752.0
2021-04-15,4732.35,4762.78,4515.21,4632.57,28595938.0
2021-04-16,4632.57,4774.37,4632.57,4741.23,18754302.0
2021-04-19,4708.63,4857.31,4590.91,4811.31,18815579.0
2021-04-20,4799.18,4958.37,4763.14,4848.98,19914658.0
2021-04-21,4799.18,4943.52,4773.46,4905.12,15923160.0
2021-04-22,4906.03,4962.17,4871.62,4911.28,11627423.0
2021-04-23,4930.48,5088.94,4930.48,5070.83,20783326.0
2021-04-26,5125.16,5177.5,4977.75,4980.28,20390370.0
2021-04-27,5016.5,5103.79,4932.11,5103.79,14231452.0
2021-04-28,4980.28,5172.25,4958.55,5172.25,22027859.0
2021-04-29,5198.69,5270.04,5094.56,5242.88,20693602.0
2021-04-30,5197.6,5239.26,5137.48,5161.38,15803059.0
2021-05-06,5107.05,5175.87,4994.77,5006.36,16866057.0
2021-05-07,5071.01,5075.0,4912.91,4927.76,12500753.0
2021-05-10,4900.23,4962.17,4733.98,4781.07,19524824.0
2021-05-11,4748.83,4988.61,4744.67,4988.43,19232636.0
2021-05-12,4965.79,5063.22,4962.17,5025.74,12106344.0
2021-05-13,4965.61,5044.57,4935.01,4998.39,9707922.0
2021-05-14,5033.89,5222.96,4983.54,5197.6,21808451.0
2021-05-17,5219.7,5517.61,5219.7,5382.14,28061495.0
2021-05-18,5396.99,5433.03,5329.81,5423.98,14728692.0
2021-05-19,5396.81,5597.84,5361.14,5483.56,16700066.0
2021-05-20,5518.15,5577.55,5461.29,5496.6,14023985.0
2021-05-21,5523.58,5536.08,5343.57,5371.46,17262089.0
2021-05-24,5433.03,5527.21,5348.82,5523.76,15708894.0
2021-05-25,5541.69,5850.65,5522.13,5850.11,32305889.0
2021-05-26,5804.29,5867.86,5722.8,5777.13,19075117.0
2021-05-27,5762.09,5908.06,5690.56,5762.28,16436312.0
2021-05-28,5797.41,5814.79,5693.64,5739.09,13024503.0
2021-05-31,5710.12,5715.91,5601.82,5706.86,17768388.0
2021-06-01,5728.23,5746.34,5621.02,5717.36,16387574.0
2021-06-02,5717.36,5765.72,5586.97,5647.46,15653208.0
2021-06-03,5647.46,5795.24,5617.39,5679.51,17917736.0
2021-06-04,5650.35,5768.07,5605.26,5710.12,17528770.0
2021-06-07,5729.31,5748.69,5593.67,5666.83,18737019.0
2021-06-08,5668.46,5677.52,5287.97,5395.91,31165284.0
2021-06-09,5378.7,5433.03,5280.0,5369.65,17157668.0
2021-06-10,5378.88,5532.64,5351.54,5488.27,15077251.0
2021-06-11,5488.45,5505.47,5360.59,5461.47,15912782.0
2021-06-15,5460.56,5506.38,5302.1,5419.63,14516108.0
2021-06-16,5419.63,5419.63,5237.81,5293.95,14062999.0
2021-06-17,5272.03,5396.81,5272.03,5328.36,10904554.0
2021-06-18,5348.1,5378.7,5179.49,5270.04,19071578.0
2021-06-21,5306.26,5384.14,5270.04,5376.35,20602803.0
2021-06-22,5396.81,5478.31,5384.14,5431.04,16166358.0
2021-06-23,5420.36,5423.98,5251.93,5268.96,23056410.0
2021-06-24,5224.77,5342.48,5146.53,5300.83,16551834.0
2021-06-25,5270.95,5458.03,5267.87,5431.58,20522327.0
2021-06-28,5433.21,5551.29,5433.21,5547.31,16125387.0
2021-06-29,5550.39,5553.28,5372.91,5406.77,15672026.0
2021-06-30,5360.59,5476.5,5351.36,5394.82,10339509.0
2021-07-01,5374.18,5414.92,5288.15,5400.44,13631042.0
2021-07-02,5324.37,5336.87,5165.0,5180.04,21169160.0
2021-07-05,5146.35,5224.77,5071.19,5090.75,18054256.0
2021-07-06,5068.11,5089.48,4893.71,5021.03,23895451.0
2021-07-07,5070.83,5161.38,5050.55,5153.96,17454367.0
2021-07-08,5161.38,5175.69,4846.63,4886.83,43957567.0
2021-07-09,4926.88,4947.54,4790.65,4887.2,21367447.0
2021-07-12,4936.93,4991.06,4803.27,4954.3,26424669.0
2021-07-13,4954.67,5107.71,4954.67,5046.64,21899748.0
2021-07-14,5008.24,5064.93,4900.36,5033.84,20921830.0
2021-07-15,5028.36,5141.72,4986.49,5134.96,19549471.0
2021-07-16,5135.32,5181.22,5064.93,5074.44,15151398.0
2021-07-19,5042.99,5165.49,5019.03,5136.06,14331986.0
2021-07-20,5101.5,5196.76,5079.01,5161.84,13009223.0
2021-07-21,5161.65,5228.94,5119.97,5142.09,14960510.0
2021-07-22,5165.68,5204.99,5095.1,5121.61,14310378.0
2021-07-23,5098.94,5101.5,4902.56,4959.06,21230352.0
2021-07-26,4912.43,4912.43,4463.17,4562.82,46213123.0
2021-07-27,4516.38,4549.29,4223.82,4226.56,42331305.0
2021-07-28,4227.11,4349.99,4112.1,4327.68,36114290.0
2021-07-29,4487.85,4494.25,4272.82,4297.87,31322153.0
2021-07-30,4298.06,4298.06,3964.91,4036.4,42797929.0
2021-08-02,3938.03,4295.13,3879.15,4286.9,46844440.0
2021-08-03,4189.08,4400.45,4163.48,4389.3,34171933.0
2021-08-04,4333.53,4368.09,4260.39,4287.82,23028951.0
2021-08-05,4187.25,4315.25,4123.25,4153.79,28551069.0
2021-08-06,4114.11,4167.14,4045.54,4132.4,19152922.0
2021-08-09,4095.83,4327.68,4059.26,4205.72,26492924.0
2021-08-10,4228.57,4571.23,4157.63,4551.12,46083746.0
2021-08-11,4497.55,4591.71,4424.41,4501.75,25307547.0
2021-08-12,4479.81,4545.64,4336.27,4350.35,23714946.0
2021-08-13,4333.53,4443.24,4315.25,4403.01,16003140.0
2021-08-16,4388.38,4468.29,4359.13,4401.18,13317313.0
2021-08-17,4377.6,4424.95,4201.51,4204.62,21873039.0
2021-08-18,4168.97,4251.25,4094.0,4187.25,21264488.0
2021-08-19,4185.42,4229.12,4059.26,4071.14,28968942.0
2021-08-20,3867.63,3961.98,3755.54,3773.65,53400435.0
2021-08-23,3773.83,3872.2,3746.58,3767.43,41836373.0
2021-08-24,3803.27,3888.29,3730.13,3839.84,41190375.0
2021-08-25,3855.93,4003.12,3851.9,3976.97,38179885.0
2021-08-26,3974.6,3974.6,3766.7,3788.09,33228274.0
2021-08-27,3787.91,3839.84,3739.27,3760.85,27190967.0
2021-08-30,3812.41,3839.65,3647.11,3784.98,34732935.0
2021-08-31,3775.84,3803.27,3646.02,3687.89,31855168.0
2021-09-01,3688.07,3859.22,3602.13,3797.96,50364302.0
2021-09-02,3802.17,3805.1,3660.64,3679.48,37460164.0
2021-09-03,3653.33,3776.75,3597.93,3764.69,34479528.0
2021-09-06,3739.27,3936.75,3703.61,3866.53,44070983.0
2021-09-07,3848.98,3915.17,3822.65,3875.86,25937444.0
2021-09-08,3876.41,3889.39,3766.7,3798.15,21553677.0
2021-09-09,3798.33,3825.39,3748.41,3791.02,17757531.0
2021-09-10,3791.02,3920.29,3775.84,3907.49,31883473.0
2021-09-13,3876.41,3925.78,3784.8,3799.43,26342826.0
2021-09-14,3798.15,3836.36,3752.8,3761.76,23596742.0
2021-09-15,3711.84,3740.18,3596.65,3629.56,38203577.0
2021-09-16,3583.85,3649.31,3518.57,3602.13,33538704.0
2021-09-17,3583.85,3748.41,3548.56,3692.64,29439702.0
2021-09-22,3602.13,3629.56,3537.22,3546.0,24908981.0
2021-09-23,3562.27,3599.94,3522.41,3554.96,18811296.0
2021-09-24,3545.45,3730.13,3530.09,3666.5,35053997.0
2021-09-27,3796.32,4033.11,3796.32,4033.11,76006557.0
2021-09-28,4028.54,4070.23,3912.98,3966.73,41145863.0
2021-09-29,3965.82,4045.18,3889.21,3998.55,31136680.0
2021-09-30,3967.83,4082.84,3967.83,4011.53,33190568.0
2021-10-08,4033.66,4314.88,3978.8,4172.99,41627865.0
2021-10-11,4195.3,4301.17,4123.07,4165.31,26146575.0
2021-10-12,4150.68,4205.54,4077.72,4193.47,20342373.0
2021-10-13,4175.73,4472.5,4154.34,4379.06,34777422.0
2021-10-14,4351.82,4473.96,4318.17,4388.38,24058960.0
2021-10-15,4311.59,4349.62,4205.72,4284.53,30215786.0
2021-10-18,4113.2,4113.2,3885.55,3937.11,52228655.0
2021-10-19,3894.69,4038.78,3894.69,4003.85,27151971.0
2021-10-20,4031.83,4062.91,3965.64,4021.59,17171231.0
2021-10-21,4040.97,4076.63,4004.4,4040.79,15781385.0
2021-10-22,4072.06,4185.79,4041.15,4114.66,22614868.0
2021-10-25,4077.54,4112.1,3986.12,4029.27,24815964.0
2021-10-26,4029.27,4077.54,3986.12,4034.75,17197532.0
2021-10-27,4004.58,4034.75,3912.98,3949.55,20048493.0
2021-10-28,3967.83,4022.32,3908.95,3936.56,21925324.0
2021-10-29,3936.2,4050.66,3932.72,3958.87,23633532.0
2021-11-01,3656.99,3831.06,3600.3,3747.32,58003653.0
2021-11-02,3729.76,3764.87,3650.59,3681.12,34933447.0
2021-11-03,3684.78,3702.7,3632.85,3641.08,21891968.0
2021-11-04,3676.92,3800.71,3662.47,3781.69,29864162.0
2021-11-05,3781.69,3925.78,3781.51,3845.51,30142997.0
2021-11-08,3839.84,3883.9,3798.88,3857.94,15637386.0
2021-11-09,3833.99,3888.84,3795.04,3817.35,15503934.0
2021-11-10,3817.35,3837.64,3715.5,3761.21,17200267.0
2021-11-11,3760.48,3784.98,3722.45,3776.02,16652085.0
2021-11-12,3791.75,3797.23,3713.85,3727.38,15788512.0
2021-11-15,3748.23,3794.12,3713.85,3742.93,20724480.0
2021-11-16,3764.69,3902.92,3750.42,3876.41,31435675.0
2021-11-17,3859.04,3894.69,3821.55,3867.45,17421460.0
2021-11-18,3839.65,3857.76,3795.04,3814.6,13220262.0
2021-11-19,3801.07,3958.69,3792.3,3887.38,24292959.0
2021-11-22,3912.98,4059.26,3894.69,3949.0,31978276.0
2021-11-23,3931.08,3995.26,3901.27,3927.6,19386637.0
2021-11-24,3986.12,4168.6,3986.12,4103.51,47627847.0
2021-11-25,4168.97,4189.99,4062.36,4076.63,28462827.0
2021-11-26,4074.98,4088.15,4005.86,4074.98,16247295.0
2021-11-29,4031.83,4114.11,4027.26,4109.17,19236411.0
2021-11-30,4113.75,4123.25,3986.12,3986.12,23014598.0
2021-12-01,4077.91,4111.19,3988.13,4032.93,19248621.0
2021-12-02,4033.66,4094.0,4010.07,4072.97,17530974.0
2021-12-03,4086.68,4256.73,4083.03,4195.48,34030029.0
2021-12-06,4223.82,4296.96,4187.25,4247.59,28878669.0
2021-12-07,4296.96,4381.99,4263.13,4278.68,30890437.0
2021-12-08,4278.86,4470.85,4228.94,4461.52,39786891.0
2021-12-09,4479.81,4661.93,4437.39,4589.52,47297011.0
2021-12-10,4547.83,4587.69,4470.67,4516.38,33227496.0
2021-12-13,4607.8,4703.07,4552.95,4570.87,35535037.0
2021-12-14,4552.95,4626.09,4501.93,4571.23,22557352.0
2021-12-15,4536.49,4551.3,4443.24,4457.87,26356782.0
2021-12-16,4467.01,4481.64,4334.44,4452.38,28971230.0
2021-12-17,4424.95,4424.95,4294.4,4299.89,25483452.0
2021-12-20,4299.89,4378.69,4299.89,4315.25,18882740.0
2021-12-21,4315.25,4342.67,4187.25,4235.71,23454247.0
2021-12-22,4251.25,4269.53,4214.5,4244.3,15199808.0
2021-12-23,4266.42,4378.51,4187.25,4333.71,28205116.0
2021-12-24,4335.54,4485.48,4335.54,4423.86,28942925.0
2021-12-27,4368.27,4379.24,4260.39,4319.09,18405368.0
2021-12-28,4320.73,4380.71,4306.1,4344.14,14368216.0
2021-12-29,4344.14,4344.14,4097.65,4126.91,34975896.0
2021-12-30,4115.39,4159.82,4086.87,4123.25,26476873.0
2021-12-31,4123.44,4128.74,4033.84,4071.32,24043667.0
2022-01-04,4071.32,4093.63,3987.58,4087.78,20178673.0
2022-01-05,4074.25,4155.8,4041.52,4091.25,20562209.0
2022-01-06,4083.39,4132.4,3988.68,4013.18,19764347.0
2022-01-07,4013.0,4031.83,3959.05,3979.9,16868239.0
2022-01-10,3944.79,3979.35,3842.03,3930.53,20842313.0
2022-01-11,3922.12,3955.95,3895.61,3901.27,13162334.0
2022-01-12,3931.44,3987.76,3917.0,3984.65,17894272.0
2022-01-13,4004.4,4005.13,3803.27,3819.72,26762334.0
2022-01-14,3785.16,3846.05,3775.84,3788.64,13646759.0
2022-01-17,3780.96,3821.55,3720.98,3818.63,16936224.0
2022-01-18,3817.89,3912.61,3772.37,3867.08,18474875.0
2022-01-19,3919.01,3919.01,3808.39,3854.46,14401864.0
2022-01-20,3854.46,3912.98,3809.67,3898.71,19468561.0
2022-01-21,3894.69,3999.28,3862.14,3972.59,23974661.0
2022-01-24,3949.55,3984.84,3898.35,3932.54,13800857.0
2022-01-25,3904.75,3931.26,3803.27,3809.85,15558209.0
2022-01-26,3805.1,3872.02,3697.76,3767.61,21509539.0
2022-01-27,3784.98,3862.88,3714.95,3719.16,20992325.0
2022-01-28,3729.94,3753.9,3620.42,3627.37,25781484.0
2022-02-07,3656.99,3709.28,3559.71,3576.9,24808023.0
2022-02-08,3577.45,3589.88,3380.88,3474.14,30451687.0
2022-02-09,3455.85,3589.33,3455.85,3583.48,23742057.0
2022-02-10,3583.48,3592.99,3494.43,3529.72,16874256.0
2022-02-11,3519.85,3631.94,3498.82,3552.21,27374928.0
2022-02-14,3510.71,3642.36,3501.57,3620.6,19031649.0
2022-02-15,3635.05,3663.57,3598.48,3653.33,17739048.0
2022-02-16,3653.7,3668.51,3619.69,3646.2,11908541.0
2022-02-17,3654.79,3659.91,3598.84,3610.18,13054643.0
2022-02-18,3602.13,3645.65,3573.79,3638.7,11614365.0
2022-02-21,3651.68,3729.4,3616.76,3642.36,15192567.0
2022-02-22,3616.94,3619.14,3507.97,3536.31,19367733.0
2022-02-23,3533.93,3594.45,3511.26,3587.5,14797343.0
2022-02-24,3547.28,3565.56,3424.77,3450.18,25960987.0
2022-02-25,3473.96,3528.44,3473.96,3482.91,13666374.0
2022-02-28,3492.42,3501.57,3419.28,3474.14,14309281.0
2022-03-01,3475.97,3545.27,3475.24,3532.47,20028521.0
2022-03-02,3497.91,3499.92,3444.88,3459.51,15016488.0
2022-03-03,3469.93,3477.8,3327.86,3329.14,31288930.0
2022-03-04,3290.92,3316.7,3215.95,3224.91,31292974.0
2022-03-07,3186.15,3186.15,3021.59,3035.3,47738912.0
2022-03-08,3108.26,3135.87,3021.95,3039.87,33350717.0
2022-03-09,3053.58,3066.93,2867.08,2978.25,39921892.0
2022-03-10,3071.69,3149.4,3035.12,3147.75,41773972.0
2022-03-11,3090.15,3155.07,3057.79,3140.8,25797110.0
2022-03-14,3089.97,3100.94,3040.24,3040.24,18140303.0
2022-03-15,2980.44,3012.99,2865.25,2873.48,31294532.0
2022-03-16,2980.44,3027.07,2836.73,3013.36,34899969.0
2022-03-17,3081.01,3142.45,3035.3,3076.26,34829153.0
2022-03-18,3053.58,3091.62,3017.01,3070.04,18585704.0
2022-03-21,3103.87,3104.42,3017.2,3030.0,17105436.0
2022-03-22,3029.81,3059.07,2998.73,3004.22,12290508.0
2022-03-23,3004.58,3058.89,2975.69,3034.2,18463877.0
2022-03-24,3006.04,3006.04,2938.02,2950.46,19808605.0
2022-03-25,2990.5,2991.05,2864.88,2874.21,21364110.0
2022-03-28,2821.37,2821.37,2751.88,2764.68,27446634.0
2022-03-29,2760.84,2811.67,2726.47,2727.75,23521130.0
2022-03-30,2797.05,2869.82,2763.95,2869.82,32367269.0
2022-03-31,2852.45,2863.42,2825.02,2835.26,20136648.0
2022-04-01,2834.17,2966.37,2824.11,2923.76,28749478.0
2022-04-06,2889.02,2966.91,2879.88,2925.77,17944305.0
2022-04-07,2907.31,2996.72,2898.71,2933.82,18557169.0
2022-04-08,2943.87,2976.24,2916.45,2936.38,16544628.0
2022-04-11,2889.2,2901.45,2794.85,2809.66,24257721.0
2022-04-12,2820.63,3011.35,2820.63,2996.54,33416391.0
2022-04-13,2976.79,3017.01,2937.11,2968.01,23885459.0
2022-04-14,2996.9,3163.29,2979.16,3137.15,43119146.0
2022-04-15,3108.44,3181.58,3082.84,3106.61,22643958.0
2022-04-18,3088.33,3088.33,3002.57,3056.88,18411135.0
2022-04-19,3071.87,3108.44,2999.46,3017.01,16499269.0
2022-04-20,3025.97,3090.15,2955.58,3033.47,20634107.0
2022-04-21,2998.73,3044.99,2956.31,2972.77,17122910.0
2022-04-22,2972.58,3038.59,2906.94,3024.88,20014422.0
2022-04-25,2962.16,2973.5,2825.02,2834.17,28635086.0
2022-04-26,2834.17,2958.69,2825.75,2898.16,25453892.0
2022-04-27,2898.16,2987.94,2898.16,2951.01,23927789.0
2022-04-28,2951.19,3047.37,2935.65,3032.56,25711994.0
2022-04-29,3040.79,3059.07,2904.75,2964.54,44874280.0
2022-05-05,2925.59,3007.14,2910.05,2953.75,24480158.0
2022-05-06,2889.57,2919.37,2861.78,2871.83,19086139.0
2022-05-09,2834.35,2861.59,2785.34,2830.14,18623627.0
2022-05-10,2761.03,2861.59,2735.43,2840.2,20108042.0
2022-05-11,2840.2,2919.19,2834.17,2880.06,24390245.0
2022-05-12,2856.11,2919.74,2854.28,2890.48,17068607.0
2022-05-13,2918.28,2923.21,2853.36,2869.64,15255576.0
2022-05-16,2906.76,2906.94,2819.54,2837.46,17765146.0
2022-05-17,2837.27,2861.41,2827.58,2855.19,13341235.0
2022-05-18,2858.85,2861.41,2805.82,2826.49,16560504.0
2022-05-19,2795.22,2808.57,2783.33,2807.1,14878282.0
2022-05-20,2821.37,2980.08,2810.21,2970.75,45229675.0
2022-05-23,2955.03,2965.45,2889.02,2915.17,27645321.0
2022-05-24,2933.45,2943.87,2857.57,2862.87,18855234.0
2022-05-25,2860.68,2899.26,2834.17,2878.96,16395707.0
2022-05-26,2870.74,2920.1,2834.17,2874.76,19431756.0
2022-05-27,2919.19,2953.02,2876.04,2888.11,21068308.0
2022-05-30,2925.77,3067.3,2925.59,3038.59,51093206.0
2022-05-31,3035.3,3160.0,3017.38,3134.04,48654483.0
2022-06-01,3163.11,3168.78,3090.7,3115.94,21930245.0
2022-06-02,3090.7,3126.72,3084.3,3103.87,16522354.0
2022-06-06,3117.58,3172.25,3045.9,3162.2,27814175.0
2022-06-07,3165.12,3262.03,3145.01,3183.77,29507703.0
2022-06-08,3187.06,3291.11,3163.66,3257.1,32527871.0
2022-06-09,3261.3,3289.46,3214.31,3218.33,20783889.0
2022-06-10,3200.41,3263.86,3172.44,3244.11,21563045.0
2022-06-13,3203.34,3225.46,3128.55,3154.33,26434591.0
2022-06-14,3112.1,3181.58,3102.04,3177.92,19733328.0
2022-06-15,3178.29,3289.46,3141.17,3241.55,32544108.0
2022-06-16,3254.72,3309.57,3236.43,3247.4,20500586.0
2022-06-17,3227.29,3312.86,3227.29,3312.86,28620361.0
2022-06-20,3341.76,3419.28,3273.0,3355.1,31195435.0
2022-06-21,3339.93,3391.86,3299.52,3321.64,21811575.0
2022-06-22,3327.86,3343.95,3250.15,3256.0,22352764.0
2022-06-23,3256.55,3307.75,3250.88,3298.6,15972518.0
2022-06-24,3318.72,3392.04,3289.64,3382.71,24518674.0
2022-06-27,3419.28,3578.0,3419.28,3528.99,36637471.0
2022-06-28,3528.99,3654.61,3496.08,3650.59,31678590.0
2022-06-29,3657.33,3660.11,3536.83,3564.68,28997090.0
2022-06-30,3568.02,3806.04,3568.02,3749.04,42521450.0
2022-07-01,3751.83,3806.04,3676.08,3768.91,21936590.0
2022-07-04,3731.59,3765.2,3679.79,3732.52,22587623.0
2022-07-05,3743.85,3762.6,3643.77,3687.4,26296492.0
2022-07-06,3678.31,3706.16,3589.75,3615.55,22763312.0
2022-07-07,3615.55,3615.55,3499.14,3557.07,26677066.0
2022-07-08,3589.75,3616.67,3545.37,3577.68,16409671.0
2022-07-11,3527.92,3542.4,3453.29,3516.04,19257469.0
2022-07-12,3504.9,3578.42,3481.88,3527.55,16993479.0
2022-07-13,3519.57,3616.3,3483.18,3585.11,18991870.0
2022-07-14,3549.27,3593.65,3509.91,3529.96,15107930.0
2022-07-15,3530.34,3629.85,3490.42,3525.69,20720892.0
2022-07-18,3520.68,3523.84,3419.87,3477.98,17803426.0
2022-07-19,3471.85,3521.05,3462.57,3507.13,12021415.0
2022-07-20,3542.4,3555.4,3490.42,3511.03,11249772.0
2022-07-21,3508.8,3525.69,3464.05,3466.28,11072844.0
2022-07-22,3481.14,3499.7,3434.72,3451.62,11698563.0
2022-07-25,3469.07,3499.7,3430.08,3491.9,12479902.0
2022-07-26,3506.39,3564.68,3503.04,3545.93,13747445.0
2022-07-27,3528.48,3546.3,3482.25,3492.27,9749124.0
2022-07-28,3498.77,3536.83,3469.07,3474.08,9260926.0
2022-07-29,3462.38,3462.38,3301.04,3312.18,34031091.0
2022-08-01,3314.04,3341.7,3282.85,3315.53,15608201.0
2022-08-02,3284.34,3317.01,3213.41,3261.31,17673794.0
2022-08-03,3265.4,3332.61,3236.06,3241.45,15403054.0
2022-08-04,3241.63,3295.29,3238.85,3282.11,13368553.0
2022-08-05,3294.55,3332.61,3271.52,3326.67,12701711.0
2022-08-08,3310.33,3370.3,3295.47,3303.09,13025113.0
2022-08-09,3287.12,3304.76,3271.71,3285.82,8538631.0
2022-08-10,3259.83,3295.47,3211.93,3230.49,14354932.0
2022-08-11,3248.87,3303.09,3240.7,3303.09,13967051.0
2022-08-12,3310.33,3335.58,3280.81,3317.75,10861895.0
2022-08-15,3297.89,3334.46,3262.06,3267.63,13844011.0
2022-08-16,3267.07,3291.76,3243.49,3253.33,10997543.0
2022-08-17,3254.82,3285.63,3230.86,3271.34,12211628.0
2022-08-18,3249.06,3252.77,3193.55,3219.91,17955216.0
2022-08-19,3202.64,3251.84,3193.36,3224.18,12603780.0
2022-08-22,3198.93,3220.28,3161.06,3184.08,15513018.0
2022-08-23,3187.79,3198.75,3109.81,3119.1,22924845.0
2022-08-24,3118.35,3146.95,3081.97,3104.99,18025460.0
2022-08-25,3117.05,3155.86,3104.8,3145.28,17485390.0
2022-08-26,3191.13,3226.78,3148.06,3158.09,24378683.0
2022-08-29,3108.7,3147.87,3063.4,3069.9,25430564.0
2022-08-30,3044.83,3058.94,3011.23,3045.39,18643252.0
2022-08-31,3024.41,3118.73,3016.98,3104.06,26733348.0
2022-09-01,3081.97,3081.97,3031.84,3036.66,15844189.0
2022-09-02,3053.93,3053.93,2989.32,3004.73,15592424.0
2022-09-05,2970.57,2977.07,2916.17,2952.37,22432012.0
2022-09-06,2952.37,2995.63,2938.45,2980.41,14693767.0
2022-09-07,2970.57,2970.75,2933.44,2950.89,14150787.0
2022-09-08,2970.75,2995.63,2949.77,2953.3,14867178.0
2022-09-09,2954.05,3001.2,2940.12,2997.68,20318847.0
2022-09-13,3042.61,3062.84,3002.13,3037.96,22455447.0
2022-09-14,3007.7,3030.54,2988.76,3015.13,14343803.0
2022-09-15,3020.14,3091.25,3009.56,3052.26,24493222.0
2022-09-16,3044.83,3059.5,2985.05,2990.62,17805222.0
2022-09-19,2984.49,3065.81,2961.66,3026.64,17237096.0
2022-09-20,3044.83,3081.22,3010.86,3078.07,18488126.0
2022-09-21,3066.93,3077.69,3031.84,3034.62,12764774.0
2022-09-22,3007.7,3013.09,2943.65,2950.15,18211404.0
2022-09-23,2933.44,2982.08,2931.58,2954.42,12025892.0
2022-09-26,2933.44,3044.65,2929.17,3009.74,21041611.0
2022-09-27,3043.53,3182.22,3007.52,3171.64,35443991.0
2022-09-28,3166.44,3203.39,3146.95,3148.8,24431050.0
2022-09-29,3202.46,3203.02,3110.74,3128.57,17564712.0
2022-09-30,3154.19,3193.36,3135.06,3141.93,16701001.0
2022-10-10,3146.95,3158.09,2946.25,2950.15,25650912.0
2022-10-11,2950.33,2970.75,2875.88,2944.39,16389813.0
2022-10-12,2939.01,2939.01,2822.04,2907.44,24238545.0
2022-10-13,2877.55,2890.36,2831.51,2851.19,19140141.0
2022-10-14,2869.94,2976.14,2869.76,2954.23,22872293.0
2022-10-17,2927.5,2942.72,2883.12,2926.94,14670055.0
2022-10-18,2946.06,2988.76,2933.81,2946.43,13968916.0
2022-10-19,2942.91,2942.91,2859.17,2868.46,17392932.0
2022-10-20,2831.32,2911.16,2822.04,2861.96,16120045.0
2022-10-21,2859.17,2861.59,2812.76,2824.83,16321002.0
2022-10-24,2785.09,2792.52,2641.02,2659.22,34403887.0
2022-10-25,2613.17,2697.09,2608.72,2638.61,20962963.0
2022-10-26,2653.09,2708.79,2636.38,2662.37,17959323.0
2022-10-27,2691.71,2693.38,2535.75,2545.41,36965491.0
2022-10-28,2553.95,2598.69,2528.14,2552.83,25586220.0
2022-10-31,2510.13,2532.41,2456.85,2478.57,22591665.0
2022-11-01,2516.63,2647.15,2476.9,2647.15,39155069.0
2022-11-02,2636.38,2717.7,2600.36,2666.46,31867439.0
2022-11-03,2618.0,2627.1,2593.86,2616.33,19281931.0
2022-11-04,2608.53,2822.04,2605.75,2784.91,47898344.0
2022-11-07,2766.34,2835.04,2741.84,2806.07,22869078.0
2022-11-08,2803.66,2827.05,2712.69,2738.31,23567786.0
2022-11-09,2732.92,2767.27,2693.56,2699.5,15124223.0
2022-11-10,2682.61,2721.04,2668.13,2706.19,17674813.0
2022-11-11,2812.57,2812.76,2720.67,2785.28,36853384.0
2022-11-14,2803.47,2885.35,2783.05,2790.48,28195258.0
2022-11-15,2790.48,2877.74,2755.57,2861.96,27656711.0
2022-11-16,2861.96,2905.59,2842.09,2863.07,18259366.0
2022-11-17,2849.89,2892.41,2803.47,2833.18,16558118.0
2022-11-18,2840.61,2883.31,2835.22,2851.93,14585598.0
2022-11-21,2794.19,2802.92,2747.78,2765.04,21762482.0
2022-11-22,2764.86,2838.75,2762.81,2789.18,14376998.0
2022-11-23,2789.18,2812.76,2764.49,2780.64,11346208.0
2022-11-24,2803.47,2812.57,2729.21,2744.25,15085804.0
2022-11-25,2746.48,2765.04,2718.07,2736.27,10676624.0
2022-11-28,2688.92,2747.96,2637.31,2741.28,19013147.0
2022-11-29,2783.42,2880.52,2783.05,2878.67,41040650.0
2022-11-30,2874.03,2970.01,2859.17,2912.27,25228605.0
2022-12-01,3063.4,3156.04,3042.23,3055.79,44092117.0
2022-12-02,3059.69,3098.3,3012.53,3027.38,21047820.0
2022-12-05,3135.44,3155.86,3076.02,3128.57,29795799.0
2022-12-06,3118.54,3308.84,3102.39,3256.49,43369522.0
2022-12-07,3256.67,3301.04,3212.11,3224.55,31128834.0
2022-12-08,3211.93,3259.27,3193.55,3244.6,15644818.0
2022-12-09,3242.19,3406.31,3232.72,3402.6,41957765.0
2022-12-12,3379.02,3404.64,3303.09,3311.26,29905954.0
2022-12-13,3304.76,3358.6,3268.0,3332.05,19276219.0
2022-12-14,3331.68,3439.73,3311.44,3417.64,28698912.0
2022-12-15,3419.87,3449.57,3356.19,3378.28,19934421.0
2022-12-16,3345.97,3399.07,3317.01,3388.68,18642633.0
2022-12-19,3406.87,3429.34,3323.32,3340.96,19418435.0
2022-12-20,3340.78,3351.17,3154.0,3202.83,34345756.0
2022-12-21,3249.06,3261.5,3222.14,3239.59,15385319.0
2022-12-22,3268.18,3370.67,3242.93,3332.61,24442393.0
2022-12-23,3286.19,3397.59,3275.05,3347.27,19861964.0
2022-12-26,3347.27,3364.17,3296.59,3315.9,17829834.0
2022-12-27,3341.89,3388.31,3326.11,3361.38,15227535.0
2022-12-28,3360.27,3360.27,3302.53,3345.23,13937786.0
2022-12-29,3323.32,3341.89,3281.36,3318.68,16850491.0
2022-12-30,3337.81,3363.98,3323.32,3354.7,14976495.0
2023-01-03,3360.46,3375.49,3277.09,3308.47,18206204.0
2023-01-04,3304.76,3351.17,3273.2,3316.27,12883584.0
2023-01-05,3369.74,3518.45,3349.32,3508.98,40279056.0
2023-01-06,3548.16,3548.16,3486.33,3536.09,23338295.0
2023-01-09,3573.04,3655.47,3530.52,3636.72,27557314.0
2023-01-10,3635.23,3652.13,3613.14,3624.84,20275236.0
2023-01-11,3621.12,3638.76,3575.82,3603.67,16999458.0
2023-01-12,3620.38,3634.68,3564.87,3590.49,13822699.0
2023-01-13,3590.49,3702.26,3589.56,3686.85,24506446.0
2023-01-16,3713.21,3885.32,3713.21,3834.26,36352479.0
2023-01-17,3843.17,3857.65,3743.1,3766.31,21507890.0
2023-01-18,3804.74,3932.1,3793.42,3820.89,27241217.0
2023-01-19,3832.96,3833.89,3756.84,3811.61,18119892.0
2023-01-20,3859.7,3936.0,3845.03,3875.11,27348025.0
2023-01-30,4058.35,4082.49,3978.33,4039.97,32180876.0
2023-01-31,4028.65,4043.13,3878.45,3880.31,25724708.0
2023-02-01,3871.02,3910.01,3783.02,3899.99,25655223.0
2023-02-02,3930.25,3982.42,3901.66,3945.47,18327161.0
2023-02-03,3898.87,3936.0,3824.61,3898.87,19935209.0
2023-02-06,3704.48,3797.32,3662.71,3744.77,33407544.0
2023-02-07,3744.77,3811.61,3741.06,3772.07,15811588.0
2023-02-08,3772.07,3787.48,3680.16,3704.86,16905733.0
2023-02-09,3706.9,3856.91,3704.86,3850.41,24493992.0
2023-02-10,3850.41,3852.09,3771.14,3800.47,14032129.0
2023-02-13,3768.91,3989.85,3768.72,3943.43,28908783.0
2023-02-14,3943.43,3968.49,3872.88,3884.76,18490190.0
2023-02-15,3928.39,3971.09,3889.59,3917.44,16925791.0
2023-02-16,3886.8,3985.76,3858.03,3913.54,21337960.0
2023-02-17,3888.66,3981.49,3861.74,3864.52,18446776.0
2023-02-20,3865.45,3969.42,3815.32,3953.64,19166754.0
2023-02-21,3945.29,3947.51,3871.02,3900.36,13939573.0
2023-02-22,3870.09,3908.9,3833.89,3852.46,14100545.0
2023-02-23,3833.89,3865.82,3781.91,3807.9,14580801.0
2023-02-24,3807.34,3807.34,3709.87,3733.63,20395718.0
2023-02-27,3695.76,3828.88,3691.67,3802.51,17299557.0
2023-02-28,3843.17,3862.85,3751.83,3795.27,11480142.0
2023-03-01,3790.63,3877.52,3767.05,3850.23,15446575.0
2023-03-02,3826.46,3854.5,3812.73,3829.06,7447671.0
2023-03-03,3861.74,3888.85,3778.19,3820.15,9283668.0
2023-03-06,3806.23,3833.89,3761.11,3798.24,11140226.0
2023-03-07,3793.97,3793.97,3715.25,3721.57,12527207.0
2023-03-08,3694.64,3741.06,3676.08,3700.21,10219130.0
2023-03-09,3694.64,3707.64,3599.96,3676.08,16850486.0
2023-03-10,3642.85,3705.41,3623.54,3624.84,11095657.0
2023-03-13,3620.38,3718.41,3620.38,3687.22,12647223.0
2023-03-14,3689.08,3689.45,3596.24,3625.58,10284259.0
2023-03-15,3676.08,3700.77,3570.25,3570.62,12988009.0
2023-03-16,3546.12,3605.53,3515.11,3549.83,12054371.0
2023-03-17,3599.03,3606.27,3490.42,3499.7,15607045.0
2023-03-20,3527.55,3538.5,3434.72,3451.43,15464264.0
2023-03-21,3479.28,3585.29,3438.8,3569.14,18789280.0
2023-03-22,3569.32,3640.43,3553.91,3560.41,10853212.0
2023-03-23,3544.26,3638.76,3528.66,3612.58,13284214.0
2023-03-24,3601.81,3638.02,3555.4,3583.62,10253022.0
2023-03-27,3579.72,3580.28,3508.98,3535.16,11879852.0
2023-03-28,3534.79,3600.14,3531.45,3573.97,10918609.0
2023-03-29,3601.81,3638.95,3557.26,3625.58,15953932.0
2023-03-30,3625.58,3693.9,3605.16,3683.32,15148689.0
2023-03-31,3731.78,3750.34,3657.51,3657.51,12758987.0
2023-04-03,3657.14,3657.51,3584.73,3623.91,13366024.0
2023-04-04,3629.66,3651.2,3582.32,3641.73,14247340.0
2023-04-06,3620.38,3620.38,3510.28,3537.58,15107492.0
2023-04-07,3523.84,3561.53,3481.88,3510.1,11303817.0
2023-04-10,3434.72,3435.09,3308.47,3428.22,33973209.0
2023-04-11,3415.6,3418.94,3342.08,3351.73,19119446.0
2023-04-12,3360.46,3362.5,3259.27,3264.28,27283391.0
2023-04-13,3267.63,3340.03,3259.27,3302.53,21080214.0
2023-04-14,3308.84,3314.04,3249.62,3260.01,14465308.0
2023-04-17,3282.29,3340.4,3276.72,3308.1,18555289.0
2023-04-18,3323.32,3345.05,3296.96,3310.7,14406696.0
2023-04-19,3317.2,3322.58,3258.34,3273.01,12617246.0
2023-04-20,3273.94,3285.82,3202.64,3221.21,14800856.0
2023-04-21,3230.49,3254.63,3189.65,3193.36,12091951.0
2023-04-24,3195.22,3210.07,3109.81,3119.1,17609069.0
2023-04-25,3119.1,3154.0,3075.47,3152.52,15489726.0
2023-04-26,3139.52,3178.14,3111.3,3130.42,14812682.0
2023-04-27,3130.24,3161.8,3089.39,3140.82,15039314.0
2023-04-28,3179.62,3192.43,3116.87,3137.66,17938564.0
2023-05-04,3202.64,3211.0,3108.89,3136.74,26587793.0
2023-05-05,3136.74,3232.35,3123.74,3225.11,25172690.0
2023-05-08,3239.78,3258.34,3170.9,3182.22,17753373.0
2023-05-09,3171.64,3295.47,3156.23,3244.79,22292312.0
2023-05-10,3208.21,3239.78,3185.75,3217.87,11890994.0
2023-05-11,3230.12,3276.72,3197.26,3203.94,12289631.0
2023-05-12,3197.07,3239.78,3144.35,3144.53,12959157.0
2023-05-15,3123.74,3202.46,3119.65,3201.53,13079986.0
2023-05-16,3198.93,3200.05,3152.52,3165.33,9936468.0
2023-05-17,3156.23,3172.94,3133.02,3143.98,8602150.0
2023-05-18,3146.76,3169.41,3119.1,3131.35,8780386.0
2023-05-19,3120.77,3179.62,3095.89,3171.08,12074586.0
2023-05-22,3172.75,3324.44,3139.15,3297.52,30244522.0
2023-05-23,3301.04,3314.04,3230.49,3230.49,13672431.0
2023-05-24,3221.58,3230.12,3162.73,3162.73,13355066.0
2023-05-25,3145.46,3150.29,3108.89,3122.81,14392525.0
2023-05-26,3122.81,3191.32,3119.1,3158.09,12287480.0
2023-05-29,3173.68,3190.58,3111.3,3123.92,12976880.0
2023-05-30,3119.1,3146.02,3035.55,3066.56,18360334.0
2023-05-31,3063.4,3065.81,2970.94,2992.48,21344841.0
2023-06-01,3016.8,3093.1,2992.85,3032.21,16901644.0
2023-06-02,3063.4,3126.52,3032.39,3117.24,19208397.0
2023-06-05,3105.73,3113.16,3056.53,3067.11,11344697.0
2023-06-06,3087.53,3127.08,3054.67,3074.91,13536764.0
2023-06-07,3084.75,3101.46,3044.83,3044.83,9532561.0
2023-06-08,3048.73,3083.26,3026.64,3060.06,9157282.0
2023-06-09,3062.29,3081.59,3041.12,3055.79,11963517.0
2023-06-12,3045.2,3193.36,3025.15,3163.84,24183801.0
2023-06-13,3156.23,3228.64,3145.28,3213.41,18293646.0
2023-06-14,3245.35,3329.82,3205.62,3298.82,24101542.0
2023-06-15,3327.22,3394.25,3304.76,3379.02,24045009.0
2023-06-16,3390.16,3445.86,3369.74,3417.64,21631380.0
2023-06-19,3397.59,3410.77,3276.91,3296.22,24234172.0
2023-06-20,3286.19,3312.18,3223.07,3230.68,17868934.0
2023-06-21,3230.31,3247.02,3178.51,3182.22,13948450.0
2023-06-26,3146.95,3154.19,3063.4,3094.22,21934031.0
2023-06-27,3118.76,3163.03,3081.34,3155.81,20067906.0
2023-06-28,3138.9,3202.92,3122.75,3166.26,11942640.0
2023-06-29,3153.53,3163.03,3101.67,3111.92,11772352.0
2023-06-30,3128.83,3136.43,3092.74,3107.36,10337054.0
2023-07-03,3101.67,3181.83,3093.69,3179.36,17337306.0
2023-07-04,3172.53,3201.02,3144.98,3195.7,12595742.0
2023-07-05,3182.4,3183.92,3134.53,3141.75,11541608.0
2023-07-06,3140.23,3168.92,3112.68,3121.23,10144977.0
2023-07-07,3119.14,3134.53,3102.62,3109.07,7896985.0
2023-07-10,3134.15,3163.03,3119.52,3126.93,9671525.0
2023-07-11,3143.08,3148.97,3113.25,3137.19,7020562.0
2023-07-12,3138.33,3166.07,3134.53,3143.27,11884029.0
2023-07-13,3189.24,3286.51,3165.88,3279.86,32351360.0
2023-07-14,3297.91,3311.77,3244.52,3267.32,15072288.0
2023-07-17,3239.02,3248.13,3194.56,3223.06,9325675.0
2023-07-18,3223.82,3233.89,3191.52,3199.12,8195902.0
2023-07-19,3188.1,3205.96,3168.92,3197.6,7685551.0
2023-07-20,3210.52,3253.83,3193.04,3202.16,12750198.0
2023-07-21,3227.24,3305.51,3189.24,3253.64,19538688.0
2023-07-24,3212.99,3229.52,3189.62,3217.36,13171639.0
2023-07-25,3343.5,3432.22,3327.73,3409.99,44063194.0
2023-07-26,3409.99,3432.41,3359.65,3377.69,17402543.0
2023-07-27,3399.92,3435.64,3359.65,3390.23,18798706.0
2023-07-28,3368.2,3460.52,3355.47,3441.9,31969316.0
2023-07-31,3544.87,3582.29,3438.11,3438.49,31559353.0
2023-08-01,3451.59,3498.33,3390.99,3417.21,19571803.0
2023-08-02,3400.49,3438.3,3366.3,3381.11,15508019.0
2023-08-03,3363.26,3418.73,3326.97,3392.89,15264598.0
2023-08-04,3445.89,3466.98,3394.79,3405.81,14347761.0
2023-08-07,3387.19,3405.81,3351.1,3368.39,15692962.0
2023-08-08,3346.92,3382.63,3327.92,3360.22,11614322.0
2023-08-09,3371.24,3379.21,3345.4,3365.92,8679551.0
2023-08-10,3360.22,3362.5,3318.04,3349.39,10423785.0
2023-08-11,3371.24,3372.95,3272.64,3274.35,14888627.0
2023-08-14,3229.52,3235.79,3153.53,3203.3,21094514.0
2023-08-15,3203.11,3208.62,3147.64,3163.03,16814467.0
2023-08-16,3158.85,3180.12,3138.33,3166.83,11627666.0
2023-08-17,3151.63,3203.11,3125.03,3199.88,16693182.0
2023-08-18,3199.5,3204.44,3106.03,3106.6,27947953.0
2023-08-21,3080.96,3122.37,3065.76,3076.97,16450664.0
2023-08-22,3089.32,3106.03,3048.66,3080.39,15692086.0
2023-08-23,3078.49,3080.2,3039.54,3039.73,14683900.0
2023-08-24,3041.06,3106.03,3024.54,3082.48,17589545.0
2023-08-25,3058.92,3092.17,3049.99,3068.99,11630171.0
2023-08-28,3191.71,3210.33,2982.74,2991.86,54577070.0
2023-08-29,2963.56,3041.44,2950.83,3028.15,23873176.0
2023-08-30,3028.15,3041.82,2993.95,2998.13,22598663.0
2023-08-31,2998.13,2998.32,2960.33,2961.85,22001837.0
2023-09-01,2982.55,3038.79,2982.55,3034.61,23238672.0
2023-09-04,3069.94,3191.52,3069.94,3190.19,46496459.0
2023-09-05,3187.72,3195.89,3139.09,3148.21,19055024.0
2023-09-06,3135.67,3162.08,3115.53,3147.64,13049265.0
2023-09-07,3134.53,3137.76,3094.64,3098.44,11886106.0
2023-09-08,3082.48,3090.84,3049.04,3076.02,10497211.0
2023-09-11,3058.54,3140.42,3042.39,3122.18,16068274.0
2023-09-12,3104.14,3116.67,3089.13,3096.16,8942828.0
2023-09-13,3115.53,3141.94,3086.09,3108.88,13114721.0
2023-09-14,3108.88,3119.9,3059.11,3077.54,13047323.0
2023-09-15,3078.87,3097.3,3026.25,3034.04,17755546.0
2023-09-18,3020.55,3096.73,3001.74,3092.74,16298317.0
2023-09-19,3077.73,3081.34,3030.05,3056.83,11367416.0
2023-09-20,3043.34,3058.54,3033.85,3036.51,8712360.0
2023-09-21,3020.55,3030.05,2992.43,2995.09,12945475.0
2023-09-22,2982.55,3045.43,2976.85,3038.03,15431992.0
2023-09-25,3034.99,3037.27,3012.95,3018.65,10536495.0
2023-09-26,3018.27,3029.48,2975.9,2975.9,12501574.0
2023-09-27,2976.09,3013.9,2963.56,2974.76,13281201.0
2023-09-28,2974.76,2989.77,2957.48,2965.46,12385723.0
2023-10-09,2965.27,2965.27,2883.77,2930.69,15357335.0
2023-10-10,2953.87,2974.57,2907.7,2914.35,12717530.0
2023-10-11,2936.39,2948.93,2913.4,2919.86,9912197.0
2023-10-12,2949.31,2963.56,2929.55,2958.43,13797215.0
2023-10-13,2935.06,2935.06,2887.76,2918.53,14293386.0
2023-10-16,2908.08,2914.16,2844.06,2852.23,15236613.0
2023-10-17,2852.23,2873.13,2822.22,2857.36,10720176.0
2023-10-18,2849.19,2874.65,2834.0,2835.14,10110520.0
2023-10-19,2811.58,2811.58,2734.83,2740.34,21738492.0
2023-10-20,2716.59,2772.25,2708.42,2729.89,13316438.0
2023-10-23,2728.75,2769.98,2705.19,2730.84,12029229.0
2023-10-24,2731.03,2754.4,2691.9,2736.54,16707389.0
2023-10-25,2791.63,2868.57,2791.63,2837.04,25442154.0
2023-10-26,2811.58,2872.37,2807.78,2869.52,14617728.0
2023-10-27,2860.4,2917.01,2852.61,2906.37,17065390.0
2023-10-30,2962.61,3008.39,2944.56,2974.95,27403019.0
2023-10-31,2992.05,2994.9,2944.94,2963.56,14497863.0
2023-11-01,3153.53,3177.84,3039.54,3039.54,46934602.0
2023-11-02,3041.06,3057.78,2996.42,2999.65,16513168.0
2023-11-03,2999.65,3039.54,2995.09,3033.28,13814386.0
2023-11-06,3052.27,3056.07,3011.05,3036.51,13751203.0
2023-11-07,3026.25,3037.65,3001.55,3026.44,10730364.0
2023-11-08,3011.05,3035.37,2993.38,3013.52,12646303.0
2023-11-09,3001.55,3030.05,3001.55,3012.0,9198879.0
2023-11-10,2992.05,3006.87,2973.05,2980.65,8963080.0
2023-11-13,2980.46,2985.78,2926.7,2942.28,12557539.0
2023-11-14,2961.28,2999.46,2944.56,2961.66,11299159.0
2023-11-15,2997.94,3004.21,2976.85,2987.3,10175715.0
2023-11-16,2982.55,2995.85,2966.03,2970.59,7036398.0
2023-11-17,2954.06,2972.67,2932.4,2944.56,8452069.0
2023-11-20,2944.37,2962.42,2917.96,2933.16,11485928.0
2023-11-21,2944.56,2975.71,2911.31,2950.26,16697698.0
2023-11-22,2929.36,2943.04,2916.25,2916.25,8691277.0
2023-11-23,2906.56,2915.11,2884.72,2907.89,9457601.0
2023-11-24,2904.67,2923.28,2893.46,2910.93,9309548.0
2023-11-27,2902.58,2902.77,2828.49,2835.33,18526959.0
2023-11-28,2836.09,2851.09,2804.93,2825.83,13910316.0
2023-11-29,2822.6,2822.98,2790.68,2817.28,8648476.0
2023-11-30,2814.81,2837.99,2811.77,2833.43,10683306.0
2023-12-01,2830.58,2830.58,2773.77,2796.57,13430375.0
2023-12-04,2782.89,2805.31,2765.8,2770.74,10695582.0
2023-12-05,2764.09,2770.36,2702.16,2710.32,15041103.0
2023-12-06,2708.99,2758.39,2691.14,2737.49,14474212.0
2023-12-07,2737.49,2740.72,2688.1,2707.47,15107094.0
2023-12-08,2707.47,2741.29,2701.78,2715.26,14475928.0
2023-12-11,2652.0,2659.6,2594.25,2644.4,32312072.0
2023-12-12,2621.61,2653.52,2616.48,2646.3,14402267.0
2023-12-13,2633.01,2634.53,2537.64,2541.44,31864580.0
2023-12-14,2564.62,2583.23,2519.97,2519.97,21441794.0
2023-12-15,2539.35,2579.81,2522.82,2539.92,20013278.0
2023-12-18,2508.57,2560.82,2505.15,2545.62,12930013.0
2023-12-19,2545.43,2545.43,2518.26,2532.89,13016041.0
2023-12-20,2542.77,2544.29,2509.52,2510.09,10629969.0
2023-12-21,2505.34,2554.17,2497.75,2547.52,17664844.0
2023-12-22,2546.76,2560.82,2518.45,2534.6,16402338.0
2023-12-25,2532.7,2556.45,2525.67,2556.07,9862125.0
2023-12-26,2556.07,2556.07,2538.21,2551.7,7367832.0
2023-12-27,2551.7,2560.44,2527.19,2542.39,10430850.0
2023-12-28,2542.39,2681.26,2537.07,2661.5,33610901.0
2023-12-29,2659.6,2690.76,2646.11,2665.49,19454076.0
2024-01-02,2665.3,2665.3,2579.81,2583.61,21526999.0
2024-01-03,2583.23,2596.34,2540.87,2562.34,16417109.0
2024-01-04,2562.34,2562.72,2507.81,2513.7,17876323.0
2024-01-05,2507.62,2532.32,2484.45,2493.19,15630369.0
2024-01-08,2488.82,2491.29,2431.64,2433.54,21020047.0
2024-01-09,2433.54,2457.85,2420.43,2428.03,17483816.0
2024-01-10,2428.03,2461.65,2393.83,2446.83,16530411.0
2024-01-11,2444.93,2479.13,2416.82,2462.41,15646396.0
2024-01-12,2448.35,2471.91,2433.54,2445.88,11920766.0
2024-01-15,2431.64,2458.04,2414.16,2444.55,11582558.0
2024-01-16,2430.12,2455.95,2411.31,2439.42,12528653.0
2024-01-17,2424.04,2427.84,2377.3,2377.3,17675746.0
2024-01-18,2370.85,2434.11,2340.26,2429.74,23594821.0
2024-01-19,2412.64,2460.32,2395.92,2448.54,22502046.0
2024-01-22,2439.23,2453.48,2389.84,2412.64,21340958.0
2024-01-23,2408.84,2433.92,2383.76,2419.86,16198659.0
2024-01-24,2435.06,2440.75,2379.58,2432.59,16682387.0
2024-01-25,2431.64,2490.72,2423.28,2490.72,27342127.0
2024-01-26,2471.72,2507.43,2460.13,2488.63,19317416.0
2024-01-29,2490.34,2539.35,2490.34,2503.45,21614965.0
2024-01-30,2484.83,2486.73,2423.66,2426.13,17071977.0
2024-01-31,2422.14,2444.55,2399.15,2399.34,13521837.0
2024-02-01,2388.7,2426.32,2377.3,2403.14,13787549.0
2024-02-02,2403.14,2443.98,2328.29,2352.23,21086217.0
2024-02-05,2352.23,2429.36,2334.94,2404.47,30804209.0
2024-02-06,2393.64,2526.62,2387.94,2526.43,32384190.0
2024-02-07,2528.71,2558.92,2509.52,2543.15,29067328.0
2024-02-08,2560.82,2585.89,2520.92,2537.83,24374798.0
2024-02-19,2638.7,2639.65,2560.44,2586.46,28857883.0
2024-02-20,2583.61,2602.61,2526.62,2552.84,21181874.0
2024-02-21,2534.22,2710.51,2523.58,2678.98,46656281.0
2024-02-22,2661.69,2691.14,2648.77,2680.5,18840109.0
2024-02-23,2679.36,2723.81,2660.55,2692.09,18439323.0
2024-02-26,2688.1,2702.92,2641.55,2655.04,13994707.0
2024-02-27,2640.79,2655.8,2622.56,2655.04,15061741.0
2024-02-28,2655.04,2686.2,2636.24,2650.67,19619411.0
2024-02-29,2640.6,2703.87,2634.91,2702.35,17660377.0
2024-03-01,2698.55,2731.41,2676.32,2708.8,15881306.0
2024-03-04,2688.29,2701.4,2660.36,2665.87,15430682.0
2024-03-05,2659.22,2695.32,2646.87,2689.81,16001586.0
2024-03-06,2678.6,2684.3,2631.3,2641.74,17652769.0
2024-03-07,2641.74,2659.22,2626.36,2626.36,11219842.0
2024-03-08,2622.75,2643.07,2596.15,2629.59,12245203.0
2024-03-11,2628.26,2684.11,2621.99,2681.64,19356925.0
2024-03-12,2681.83,2836.28,2681.83,2817.47,45079147.0
2024-03-13,2802.08,2834.0,2795.24,2807.02,17912970.0
2024-03-14,2796.38,2868.57,2793.72,2841.21,22227356.0
2024-03-15,2830.58,2940.38,2826.78,2896.88,23887367.0
2024-03-18,2895.17,2938.1,2863.06,2916.06,18987361.0
2024-03-19,2923.28,3019.98,2916.82,2989.58,33882634.0
2024-03-20,2980.27,3006.49,2953.87,2981.6,16160021.0
2024-03-21,2980.65,3011.81,2956.91,2975.14,13643008.0
2024-03-22,2971.16,2977.99,2894.41,2914.73,20156403.0
2024-03-25,2897.26,2904.67,2849.57,2882.25,16167547.0
2024-03-26,2883.2,2951.78,2883.2,2948.74,18088963.0
2024-03-27,2944.56,2950.26,2898.97,2900.11,12363048.0
2024-03-28,2900.11,2951.02,2888.52,2908.46,14419203.0
2024-03-29,2908.46,2944.94,2898.21,2916.25,8834848.0
2024-04-01,2935.06,3012.19,2935.06,2987.87,17726202.0
2024-04-02,2982.55,2985.97,2941.9,2954.06,11410098.0
2024-04-03,2961.66,2981.98,2912.26,2936.96,9826116.0
2024-04-08,2887.57,2887.57,2793.53,2798.09,27000663.0
2024-04-09,2783.08,2815.57,2767.51,2782.7,13039729.0
2024-04-10,2777.38,2783.08,2700.26,2718.87,17167574.0
2024-04-11,2708.99,2710.13,2671.0,2704.06,15994283.0
2024-04-12,2697.6,2725.14,2661.5,2668.91,13407310.0
2024-04-15,2671.0,2811.2,2660.74,2798.66,25429182.0
2024-04-16,2784.98,2795.62,2741.48,2754.02,13567789.0
2024-04-17,2745.66,2764.85,2731.79,2760.29,13702335.0
2024-04-18,2736.92,2788.4,2722.29,2754.21,15245280.0
2024-04-19,2735.21,2745.09,2697.41,2714.69,12726175.0
2024-04-22,2714.69,2782.7,2714.69,2746.23,14036604.0
2024-04-23,2735.59,2801.89,2735.02,2793.15,17171181.0
2024-04-24,2810.25,2834.38,2773.58,2830.2,14225100.0
2024-04-25,2821.08,2837.23,2792.96,2830.2,10077553.0
2024-04-26,2834.38,2900.87,2834.38,2892.32,17946172.0
2024-04-29,2868.57,2974.19,2849.76,2882.82,27538469.0
2024-04-30,2893.27,2915.87,2857.74,2857.74,15529607.0
2024-05-06,2914.92,3007.82,2914.16,2944.75,31679595.0
2024-05-07,2944.56,2971.54,2917.01,2962.42,14549977.0
2024-05-08,2963.18,2969.64,2932.21,2944.56,10107370.0
2024-05-09,2931.83,2957.67,2920.43,2941.52,11327468.0
2024-05-10,2944.56,2961.47,2902.77,2933.73,10251379.0
2024-05-13,2902.77,2906.18,2854.7,2870.47,17262826.0
2024-05-14,2870.47,2884.72,2850.14,2875.03,11345529.0
2024-05-15,2874.84,2884.34,2859.07,2875.6,7842841.0
2024-05-16,2881.87,2946.08,2863.06,2926.51,14937612.0
2024-05-17,2925.56,2971.73,2910.55,2971.35,16184342.0
2024-05-20,2971.16,3035.75,2971.16,2988.25,19373643.0
2024-05-21,2978.75,2985.97,2946.27,2973.81,8803686.0
2024-05-22,2963.75,2971.35,2930.69,2946.84,10847769.0
2024-05-23,2944.56,2962.99,2912.64,2917.96,8988893.0
2024-05-24,2903.91,2909.03,2868.57,2871.42,11203941.0
2024-05-27,2871.23,2893.27,2860.59,2879.59,10156716.0
2024-05-28,2879.97,2886.43,2849.57,2850.14,10387436.0
2024-05-29,2850.52,2868.38,2827.92,2834.57,9102373.0
2024-05-30,2829.63,2829.63,2771.87,2778.52,16111129.0
2024-05-31,2790.68,2811.39,2784.98,2786.88,13141188.0
2024-06-03,2790.49,2797.33,2747.94,2773.2,14092998.0
2024-06-04,2773.2,2813.48,2764.09,2807.4,10302099.0
2024-06-05,2806.26,2811.58,2766.94,2769.03,11114765.0
2024-06-06,2773.77,2785.36,2736.73,2752.69,12730851.0
2024-06-07,2764.09,2765.04,2695.7,2704.06,15869270.0
2024-06-11,2686.2,2686.2,2621.61,2630.73,20665469.0
2024-06-12,2623.51,2656.37,2613.06,2619.71,15452411.0
2024-06-13,2619.52,2623.51,2553.98,2556.26,24362284.0
2024-06-14,2549.42,2577.91,2509.33,2577.53,28721911.0
2024-06-17,2553.22,2586.65,2494.33,2578.48,24627240.0
2024-06-18,2564.62,2609.07,2534.6,2543.53,20298120.0
2024-06-19,2549.04,2570.32,2523.39,2549.8,13704527.0
2024-06-20,2547.52,2565.95,2511.04,2511.42,12619163.0
2024-06-21,2507.81,2523.96,2446.83,2473.43,21388642.0
2024-06-24,2394.02,2520.35,2386.04,2489.2,23923514.0
2024-06-25,2503.83,2532.13,2481.03,2498.32,17715159.0
2024-06-26,2477.23,2511.04,2476.28,2494.33,10221249.0
2024-06-27,2494.9,2495.66,2445.31,2462.98,12264610.0
2024-06-28,2450.44,2478.94,2423.28,2432.4,15689886.0
2024-07-01,2435.44,2453.67,2393.64,2437.34,15433459.0
2024-07-02,2425.94,2520.54,2422.14,2499.27,24747909.0
2024-07-03,2499.27,2520.92,2471.53,2488.63,12427733.0
2024-07-04,2488.63,2515.22,2470.2,2480.84,10049528.0
2024-07-05,2480.84,2507.05,2434.3,2449.68,13941250.0
2024-07-08,2450.25,2454.43,2378.82,2391.93,20745544.0
2024-07-09,2391.93,2435.44,2378.06,2413.97,19540437.0
2024-07-10,2403.14,2440.37,2397.06,2403.9,15457159.0
2024-07-11,2422.14,2498.13,2415.87,2478.75,25779636.0
2024-07-12,2495.89,2517.76,2475.6,2510.08,18938660.0
2024-07-15,2502.19,2548.69,2493.92,2512.05,11973781.0
2024-07-16,2496.88,2523.87,2478.55,2511.65,15468916.0
2024-07-17,2502.19,2580.81,2489.78,2576.28,22884217.0
2024-07-18,2562.09,2620.41,2561.89,2582.97,18591713.0
2024-07-19,2574.7,2630.06,2556.97,2628.68,19024378.0
2024-07-22,2628.29,2639.13,2581.0,2585.34,15642939.0
2024-07-23,2581.2,2591.05,2498.25,2498.25,19756404.0
2024-07-24,2493.92,2515.99,2472.64,2483.67,14364962.0
2024-07-25,2464.76,2495.5,2464.76,2478.16,11814145.0
2024-07-26,2482.49,2509.68,2464.76,2486.43,11421502.0
2024-07-29,2482.49,2496.28,2445.06,2445.06,13936430.0
2024-07-30,2423.39,2449.0,2393.44,2429.1,20725348.0
2024-07-31,2417.08,2525.44,2416.69,2499.44,26057917.0
2024-08-01,2499.63,2501.21,2440.72,2443.09,17473861.0
2024-08-02,2423.39,2453.33,2421.02,2437.18,9950169.0
2024-08-05,2437.18,2521.9,2435.21,2482.49,24189241.0
2024-08-06,2492.74,2521.9,2470.28,2480.52,15347283.0
2024-08-07,2482.49,2513.62,2468.7,2502.19,13259071.0
2024-08-08,2491.95,2554.8,2481.51,2528.79,20013087.0
2024-08-09,2551.45,2561.3,2516.77,2523.47,15846790.0
2024-08-12,2512.05,2531.55,2504.56,2516.18,7310797.0
2024-08-13,2513.82,2521.11,2465.15,2474.61,12451739.0
2024-08-14,2472.64,2474.41,2440.92,2449.59,9494697.0
2024-08-15,2443.48,2485.45,2440.33,2461.8,11162349.0
2024-08-16,2452.94,2470.08,2434.81,2462.99,9726670.0
2024-08-19,2462.79,2502.19,2441.12,2442.1,13875921.0
2024-08-20,2442.1,2443.09,2416.69,2426.34,10985221.0
2024-08-21,2419.44,2426.14,2405.65,2407.62,9710809.0
2024-08-22,2407.82,2411.37,2363.49,2383.78,18528513.0
2024-08-23,2376.1,2405.65,2374.52,2386.15,8898800.0
2024-08-26,2383.59,2401.12,2325.66,2327.24,20401007.0
2024-08-27,2318.96,2328.81,2276.6,2318.96,15660884.0
2024-08-28,2305.17,2305.17,2224.79,2246.06,24729242.0
2024-08-29,2275.62,2369.99,2268.33,2340.24,30025609.0
2024-08-30,2324.87,2456.09,2300.84,2423.98,33779842.0
2024-09-02,2403.68,2409.79,2344.58,2344.58,17755490.0
2024-09-03,2346.15,2393.24,2344.58,2370.58,12798410.0
2024-09-04,2351.08,2380.04,2345.17,2346.74,8469238.0
2024-09-05,2346.55,2361.91,2334.72,2355.41,8279466.0
2024-09-06,2354.43,2354.43,2315.02,2315.61,7772198.0
2024-09-09,2303.2,2314.83,2276.01,2289.8,11158667.0
2024-09-10,2289.8,2330.0,2283.5,2293.94,10605023.0
2024-09-11,2281.53,2306.55,2265.77,2285.67,7659099.0
2024-09-12,2285.47,2292.96,2233.45,2233.45,16984847.0
2024-09-13,2232.27,2232.27,2151.49,2151.49,31153086.0
2024-09-18,2132.78,2158.78,2112.29,2121.74,17763923.0
2024-09-19,2122.53,2223.6,2094.95,2184.99,31818095.0
2024-09-20,2169.82,2184.0,2139.67,2172.77,19668110.0
2024-09-23,2185.18,2241.93,2175.14,2212.37,20371180.0
2024-09-24,2263.8,2372.16,2236.41,2371.37,47346927.0
2024-09-25,2435.21,2475.01,2401.32,2405.65,41718945.0
2024-09-26,2405.65,2646.22,2401.91,2646.22,66453364.0
2024-09-27,2793.79,2910.82,2729.36,2910.82,86457718.0
2024-09-30,3073.96,3201.82,3008.54,3201.82,98620119.0
2024-10-08,3521.99,3521.99,3064.7,3232.17,130680565.0
2024-10-09,3152.37,3152.37,2909.24,2909.64,81546859.0
2024-10-10,2909.44,3064.3,2909.44,2994.36,60060115.0
2024-10-11,2955.35,3020.76,2915.94,2948.45,28515763.0
2024-10-14,2975.05,2975.05,2876.74,2950.62,33496575.0
2024-10-15,2955.35,2957.32,2837.13,2837.13,32970192.0
2024-10-16,2797.73,2842.85,2759.9,2790.83,31227224.0
2024-10-17,2807.58,2815.86,2716.75,2717.94,28250755.0
2024-10-18,2699.41,2867.87,2686.61,2817.43,44144323.0
2024-10-21,2836.94,2866.69,2780.0,2817.63,29576515.0
2024-10-22,2813.49,2885.4,2801.87,2865.51,30466330.0
2024-10-23,2866.1,2946.09,2837.13,2926.39,35813825.0
2024-10-24,2892.3,2925.79,2878.71,2885.6,18642006.0
2024-10-25,2865.9,2952.79,2865.9,2918.11,19805485.0
2024-10-28,2935.84,3034.16,2889.74,3033.57,43810985.0
2024-10-29,3033.57,3090.9,2963.23,2971.11,30315753.0
2024-10-30,2935.65,2981.16,2902.15,2931.71,21187042.0
2024-10-31,2896.24,2939.59,2864.91,2892.89,26944088.0
2024-11-01,2871.02,2971.11,2871.02,2914.37,22719198.0
2024-11-04,2925.79,2939.78,2878.11,2927.76,20505185.0
2024-11-05,2915.94,3014.26,2892.3,3010.51,32031809.0
2024-11-06,3009.73,3014.45,2938.6,2979.98,30206560.0
2024-11-07,2956.14,3211.87,2952.0,3196.5,67187150.0
2024-11-08,3231.18,3243.0,3073.56,3082.82,56747365.0
2024-11-11,3021.35,3050.9,2978.99,3050.31,36601207.0
2024-11-12,3050.31,3132.67,3027.26,3040.07,35134682.0
2024-11-13,3014.45,3060.36,3007.76,3032.98,19433400.0
2024-11-14,3016.62,3071.2,2997.71,3024.11,21792782.0
2024-11-15,3023.91,3036.72,2966.18,2980.76,25544269.0
2024-11-18,2980.57,3021.55,2935.65,2942.15,20986101.0
2024-11-19,2946.68,2967.96,2862.75,2924.81,23341346.0
2024-11-20,2924.81,2963.03,2900.18,2947.47,14981538.0
2024-11-21,2935.65,2957.32,2919.1,2945.5,11446054.0
2024-11-22,2943.53,2955.55,2849.94,2854.67,18942474.0
2024-11-25,2874.37,2899.79,2811.52,2833.19,19168995.0
2024-11-26,2827.28,2888.36,2807.58,2852.9,17535782.0
2024-11-27,2852.3,2913.78,2828.86,2897.23,20024978.0
2024-11-28,2856.84,2895.26,2833.19,2837.13,19045387.0
2024-11-29,2857.23,2949.24,2845.02,2891.71,28727796.0
2024-12-02,2898.8,2924.42,2867.87,2904.12,17976352.0
2024-12-03,2910.03,2911.41,2880.48,2896.04,14014314.0
2024-12-04,2894.27,2895.06,2852.3,2871.22,14843403.0
2024-12-05,2856.84,2869.84,2847.18,2857.43,10321021.0
2024-12-06,2850.14,2915.94,2850.14,2885.21,18754575.0
2024-12-09,2885.4,2904.32,2859.79,2871.81,14542425.0
2024-12-10,3014.45,3051.5,2933.68,2937.62,46326278.0
2024-12-11,2916.34,2984.9,2916.34,2943.53,19999335.0
2024-12-12,2944.31,2994.75,2925.2,2991.21,25365291.0
2024-12-13,2962.24,2968.75,2915.94,2916.73,28422742.0
2024-12-16,2916.53,2916.73,2837.53,2848.76,26477262.0
2024-12-17,2848.56,2891.32,2829.25,2854.67,15949283.0
2024-12-18,2856.84,2882.06,2848.17,2860.78,12067558.0
2024-12-19,2839.1,2845.21,2823.54,2828.27,15198227.0
2024-12-20,2831.22,2846.39,2811.92,2821.57,17283558.0
2024-12-23,2804.03,2835.95,2802.66,2806.6,14260102.0
2024-12-24,2804.63,2827.28,2792.02,2826.89,14333019.0
2024-12-25,2826.89,2834.77,2809.16,2819.01,9613952.0
2024-12-26,2819.8,2821.96,2794.77,2807.38,10476825.0
2024-12-27,2809.55,2816.45,2789.26,2807.97,13445059.0
2024-12-30,2798.12,2820.78,2778.03,2782.16,16367180.0
2024-12-31,2782.36,2829.25,2758.52,2759.11,24521867.0
2025-01-02,2758.32,2758.32,2685.43,2699.02,25564735.0
2025-01-03,2700.79,2718.13,2654.89,2667.69,16823014.0
2025-01-06,2598.74,2639.32,2568.79,2577.65,27943013.0
2025-01-07,2584.94,2594.01,2553.42,2578.05,19018740.0
2025-01-08,2578.25,2595.58,2522.29,2555.39,19287619.0
2025-01-09,2559.53,2607.6,2524.85,2572.73,15918343.0
2025-01-10,2571.15,2577.65,2533.72,2533.72,13537786.0
2025-01-13,2508.5,2551.45,2501.41,2545.54,12149103.0
2025-01-14,2547.51,2626.32,2539.63,2620.8,22862469.0
2025-01-15,2626.32,2633.81,2605.04,2615.88,12812277.0
2025-01-16,2628.29,2646.02,2582.19,2590.46,16309620.0
2025-01-17,2600.71,2637.75,2591.84,2606.62,15245016.0
2025-01-20,2618.04,2669.47,2615.09,2646.02,19417359.0
2025-01-21,2656.86,2659.81,2616.47,2628.09,13279686.0
2025-01-22,2619.42,2620.41,2563.86,2568.2,17418217.0
2025-01-23,2592.84,2632.84,2582.19,2585.8,18448933.0
2025-01-24,2568.72,2584.4,2542.39,2567.11,18943572.0
2025-01-27,2572.74,2583.79,2554.65,2556.66,12653510.0
2025-02-05,2563.7,2570.33,2502.59,2512.64,18691574.0
2025-02-06,2508.42,2540.38,2506.21,2530.53,13819081.0
2025-02-07,2532.54,2590.43,2514.85,2565.3,23247330.0
2025-02-10,2566.31,2576.76,2550.63,2563.29,13654558.0
2025-02-11,2564.7,2574.15,2526.91,2537.77,17600170.0
2025-02-12,2537.77,2566.91,2524.5,2566.71,17735327.0
2025-02-13,2567.11,2653.14,2557.67,2643.29,46762606.0
2025-02-14,2623.99,2657.16,2614.95,2637.66,21810735.0
2025-02-17,2650.93,2683.89,2634.85,2644.09,20507840.0
2025-02-18,2642.69,2660.98,2600.08,2616.96,18596134.0
2025-02-19,2616.96,2643.09,2599.67,2635.25,15364181.0
2025-02-20,2620.78,2669.02,2618.97,2622.99,13253049.0
2025-02-21,2625.0,2666.4,2611.53,2635.45,21001653.0
2025-02-24,2631.03,2683.09,2620.17,2651.13,24439219.0
2025-02-25,2630.63,2631.43,2584.4,2587.81,22190136.0
2025-02-26,2587.01,2608.92,2574.75,2608.92,17924348.0
2025-02-27,2612.74,2675.05,2608.92,2668.21,37079506.0
2025-02-28,2665.2,2727.51,2643.09,2644.7,33720213.0
2025-03-03,2644.7,2725.5,2619.97,2629.82,21035512.0
2025-03-04,2614.14,2620.17,2587.01,2607.91,14934839.0
2025-03-05,2607.91,2612.94,2565.1,2585.0,19936646.0
2025-03-06,2599.47,2649.12,2585.8,2646.71,23585718.0
2025-03-07,2637.06,2709.42,2631.23,2709.42,34007291.0
2025-03-10,2703.39,2703.39,2646.3,2667.01,20635305.0
2025-03-11,2643.29,2717.66,2642.28,2717.46,32103562.0
2025-03-12,2719.47,2737.76,2665.6,2672.63,28801774.0
2025-03-13,2672.63,2699.77,2658.16,2660.98,16792264.0
2025-03-14,2673.24,2853.73,2673.24,2830.01,76551575.0
2025-03-17,2862.17,2873.43,2801.47,2810.72,38773048.0
2025-03-18,2818.36,2824.99,2788.21,2804.89,18673497.0
2025-03-19,2804.89,2829.81,2780.97,2792.23,16815724.0
2025-03-20,2791.42,2793.83,2730.72,2733.34,22872209.0
2025-03-21,2727.51,2763.69,2697.16,2705.4,19713023.0
2025-03-24,2694.54,2712.03,2673.84,2699.57,18048886.0
2025-03-25,2705.4,2707.41,2665.2,2684.49,17567115.0
2025-03-26,2684.09,2690.93,2671.03,2680.27,10882580.0
2025-03-27,2674.85,2708.81,2663.19,2691.33,14086564.0
2025-03-28,2694.95,2698.36,2661.18,2677.86,12099601.0
2025-03-31,2677.46,2680.88,2640.07,2640.07,14485487.0
2025-04-01,2641.68,2658.16,2635.85,2648.92,12170463.0
2025-04-02,2650.53,2664.19,2634.24,2636.05,10102473.0
2025-04-03,2603.89,2682.89,2600.68,2653.14,16562264.0
2025-04-07,2582.79,2621.98,2488.32,2548.22,46309272.0
2025-04-08,2548.22,2637.86,2548.22,2628.21,33185668.0
2025-04-09,2602.89,2670.02,2599.87,2658.16,29699887.0
2025-04-10,2659.17,2683.09,2622.99,2676.25,23310636.0
2025-04-11,2657.16,2682.68,2624.6,2645.1,17429334.0
2025-04-14,2643.09,2666.6,2633.24,2633.84,12578106.0
2025-04-15,2633.04,2642.08,2614.55,2640.07,11482502.0
2025-04-16,2629.02,2664.19,2606.51,2659.17,16668022.0
2025-04-17,2639.67,2673.04,2633.04,2663.79,15292281.0
2025-04-18,2653.34,2664.59,2637.26,2648.11,8947834.0
2025-04-21,2644.9,2653.14,2615.75,2619.77,14436366.0
2025-04-22,2616.96,2627.81,2602.89,2614.95,11585468.0
2025-04-23,2622.59,2627.01,2603.89,2612.34,9594427.0
2025-04-24,2608.92,2616.96,2593.04,2594.05,13152369.0
2025-04-25,2596.86,2617.36,2592.04,2593.84,10718307.0
2025-04-28,2615.15,2646.3,2610.93,2630.02,18504541.0
2025-04-29,2615.95,2625.0,2598.67,2603.89,12479570.0
2025-04-30,2605.1,2618.97,2586.21,2586.81,14662657.0
2025-05-06,2592.84,2603.89,2574.15,2602.69,14634943.0
2025-05-07,2631.03,2649.32,2608.92,2612.74,15247040.0
2025-05-08,2607.11,2673.24,2598.47,2649.12,20802315.0
2025-05-09,2649.12,2655.15,2633.24,2644.7,11054836.0
2025-05-12,2653.14,2678.26,2643.09,2672.63,16456000.0
2025-05-13,2686.5,2686.5,2661.78,2673.04,12039542.0
2025-05-14,2667.41,2757.25,2656.55,2718.66,29148950.0
2025-05-15,2713.64,2725.3,2685.5,2686.7,14494424.0
2025-05-16,2680.88,2685.1,2634.04,2634.65,17354288.0
2025-05-19,2596.86,2614.95,2590.43,2598.87,23700824.0
2025-05-20,2592.84,2605.5,2590.23,2595.45,15936916.0
2025-05-21,2595.45,2610.53,2592.84,2598.07,14169298.0
2025-05-22,2598.27,2602.29,2589.62,2594.65,9605451.0
2025-05-23,2593.84,2606.11,2575.75,2575.75,15037984.0
2025-05-26,2572.14,2575.75,2530.33,2540.78,27361547.0
2025-05-27,2538.17,2551.64,2530.33,2535.76,15126840.0
2025-05-28,2538.57,2555.25,2522.49,2551.03,18138470.0
2025-05-29,2544.6,2562.69,2530.53,2559.07,16034701.0
2025-05-30,2552.64,2563.7,2532.54,2541.38,14682788.0
2025-06-03,2516.06,2523.5,2503.8,2506.01,23748287.0
2025-06-04,2506.01,2516.86,2494.35,2503.4,19350308.0
2025-06-05,2503.4,2522.49,2496.16,2513.04,20231200.0
2025-06-06,2511.84,2529.53,2506.41,2514.25,11888498.0
2025-06-09,2514.25,2516.46,2504.6,2511.64,19842902.0
2025-06-10,2508.42,2514.45,2497.97,2500.18,17105298.0
2025-06-11,2500.38,2516.46,2496.36,2506.41,14547273.0
2025-06-12,2502.39,2503.4,2459.78,2462.19,38065992.0
2025-06-13,2449.93,2450.13,2392.25,2394.26,36696171.0
2025-06-16,2368.33,2380.59,2351.65,2377.17,27148875.0
2025-06-17,2375.97,2388.63,2360.29,2365.92,19650205.0
2025-06-18,2385.61,2400.69,2369.13,2378.38,20049069.0
2025-06-19,2362.7,2380.79,2353.66,2357.27,16357242.0
2025-06-20,2361.69,2411.94,2359.28,2403.1,29681382.0
2025-06-23,2389.83,2393.65,2367.52,2377.37,17338663.0
2025-06-24,2383.2,2411.74,2379.78,2406.92,17895787.0
2025-06-25,2411.94,2416.37,2389.43,2415.56,17864721.0
2025-06-26,2414.15,2424.81,2404.51,2406.52,16637264.0
2025-06-27,2406.11,2410.54,2392.65,2395.46,16021567.0
2025-06-30,2395.46,2403.5,2377.37,2389.83,22368008.0
2025-07-01,2391.64,2391.64,2377.37,2384.41,12218321.0
2025-07-02,2384.41,2409.93,2382.0,2395.46,15447681.0
2025-07-03,2395.46,2408.53,2389.83,2404.31,12243011.0
2025-07-04,2397.67,2427.02,2395.66,2419.78,17067930.0
2025-07-07,2416.16,2422.4,2408.12,2410.13,8581080.0
2025-07-08,2408.93,2429.43,2408.53,2427.62,11663123.0
2025-07-09,2428.63,2469.23,2421.79,2444.1,20349574.0
2025-07-10,2432.65,2469.83,2430.03,2463.8,16271646.0
2025-07-11,2463.6,2512.04,2456.56,2498.37,28718907.0
2025-07-14,2499.58,2523.3,2480.28,2520.68,21913998.0
2025-07-15,2508.82,2522.89,2498.77,2512.44,19332839.0
2025-07-16,2504.4,2530.13,2504.4,2518.07,17869945.0
2025-07-17,2518.07,2534.75,2509.83,2528.92,17299880.0
2025-07-18,2533.64,2570.14,2512.61,2552.2,21020856.0
2025-07-21,2552.2,2552.41,2520.65,2527.05,18778433.0
2025-07-22,2527.05,2595.71,2527.05,2588.28,30377165.0
2025-07-23,2591.79,2616.12,2580.04,2581.48,22906716.0
2025-07-24,2580.45,2593.03,2567.05,2588.7,15601222.0
2025-07-25,2588.7,2589.73,2545.81,2547.25,18400674.0
2025-07-28,2546.84,2560.24,2515.5,2557.97,17851106.0
2025-07-29,2546.43,2556.53,2519.62,2546.84,18515092.0
2025-07-30,2547.67,2580.45,2541.89,2567.46,22412427.0
2025-07-31,2557.15,2558.8,2491.79,2497.97,30468735.0
2025-08-01,2497.77,2507.66,2482.3,2494.88,12322595.0
2025-08-04,2487.25,2499.62,2483.54,2493.23,8593314.0
2025-08-05,2493.85,2520.04,2493.85,2514.47,13944554.0
2025-08-06,2514.88,2525.81,2504.98,2518.8,11968359.0
2025-08-07,2518.18,2539.01,2514.47,2526.84,11570286.0
2025-08-08,2526.84,2533.64,2514.68,2520.04,8242559.0
2025-08-11,2518.59,2563.95,2517.77,2555.5,18266039.0
2025-08-12,2554.68,2584.16,2536.33,2540.04,21137375.0
2025-08-13,2536.33,2545.81,2526.22,2540.04,15582285.0
2025-08-14,2539.83,2574.26,2531.38,2532.82,19906336.0
2025-08-15,2526.63,2542.3,2513.44,2538.18,19394317.0
2025-08-18,2538.18,2570.35,2532.2,2551.58,25530142.0
2025-08-19,2552.0,2592.82,2552.0,2565.19,32724162.0
2025-08-20,2565.4,2608.28,2543.34,2593.44,40431044.0
2025-08-21,2593.85,2600.66,2574.47,2586.64,23189477.0
2025-08-22,2586.64,2594.26,2576.33,2593.65,20484997.0
2025-08-25,2601.69,2682.31,2601.69,2679.01,47980003.0
2025-08-26,2679.01,2718.6,2652.62,2675.09,34979445.0
2025-08-27,2670.14,2670.14,2610.35,2610.76,34684706.0
2025-08-28,2610.55,2622.72,2556.74,2587.05,34583488.0
2025-08-29,2601.69,2676.33,2600.45,2670.76,43525090.0
2025-09-01,2680.45,2682.51,2629.32,2657.15,31694195.0
2025-09-02,2647.67,2703.54,2641.48,2650.76,34916169.0
2025-09-03,2659.83,2711.38,2606.02,2610.76,30286319.0
2025-09-04,2604.16,2608.28,2571.79,2587.87,26187312.0
2025-09-05,2585.6,2619.01,2573.23,2614.68,20173355.0
2025-09-08,2612.41,2662.92,2603.34,2661.69,30536352.0
2025-09-09,2661.48,2667.67,2630.55,2655.71,18440608.0
2025-09-10,2655.71,2669.73,2632.2,2640.45,19964491.0
2025-09-11,2627.25,2650.35,2614.47,2649.93,22997326.0
2025-09-12,2649.52,2673.65,2621.07,2622.51,26270390.0
2025-09-15,2610.35,2620.66,2599.01,2611.38,16656948.0
2025-09-16,2611.38,2615.5,2585.6,2593.85,19108652.0
2025-09-17,2594.06,2604.78,2573.65,2597.15,18133640.0
2025-09-18,2596.94,2597.15,2547.05,2555.5,27547752.0
2025-09-19,2555.29,2569.11,2532.0,2558.39,19668801.0
2025-09-22,2548.49,2550.55,2519.21,2525.81,19643327.0
2025-09-23,2515.71,2541.48,2506.43,2519.42,17207909.0
2025-09-24,2519.42,2533.03,2511.38,2523.13,13056429.0
2025-09-25,2523.75,2529.11,2505.4,2505.6,19455497.0
2025-09-26,2505.6,2508.7,2474.67,2477.77,26192542.0
2025-09-29,2479.62,2527.25,2469.93,2513.85,25635752.0
2025-09-30,2503.95,2511.99,2492.2,2504.78,15457057.0
2025-10-09,2503.95,2503.95,2471.99,2498.18,20375652.0
2025-10-10,2497.77,2517.97,2487.66,2489.31,17535995.0
2025-10-13,2467.05,2482.51,2458.59,2471.17,19583470.0
2025-10-14,2486.02,2527.25,2474.67,2516.94,29165582.0
2025-10-15,2501.89,2528.9,2496.12,2516.94,19459557.0
2025-10-16,2510.35,2530.96,2505.19,2530.76,19847810.0
2025-10-17,2515.5,2535.29,2496.12,2496.32,18040798.0
2025-10-20,2502.1,2506.22,2476.32,2483.75,13164496.0
2025-10-21,2490.35,2505.19,2481.48,2484.98,14729356.0
2025-10-22,2474.26,2490.14,2472.2,2476.32,12782668.0
2025-10-23,2474.26,2504.16,2473.44,2501.69,15571808.0
2025-10-24,2494.26,2500.65,2476.32,2480.24,17432200.0
2025-10-27,2475.29,2485.6,2471.79,2480.24,14394337.0
2025-10-28,2480.24,2488.49,2474.47,2476.32,14019459.0
2025-10-29,2471.38,2473.23,2437.35,2450.14,24508270.0
2025-10-30,2433.23,2464.98,2433.02,2442.72,20432985.0
2025-10-31,2379.42,2466.84,2379.42,2453.44,42107702.0
2025-11-03,2443.33,2466.01,2422.72,2453.23,22327034.0
2025-11-04,2449.11,2453.44,2412.61,2415.7,17273363.0
2025-11-05,2399.0,2412.41,2391.79,2395.5,16463035.0
2025-11-06,2402.3,2418.59,2393.02,2395.29,15467307.0
2025-11-07,2395.29,2412.2,2390.76,2407.25,14543557.0
2025-11-10,2407.25,2506.84,2402.92,2490.76,42906459.0
2025-11-11,2479.42,2494.26,2457.77,2490.35,22926794.0
2025-11-12,2490.55,2525.81,2481.48,2482.1,22254439.0
2025-11-13,2474.26,2500.45,2466.63,2499.0,16002293.0
2025-11-14,2488.28,2515.29,2478.18,2478.59,13924365.0
2025-11-17,2474.67,2485.19,2453.85,2477.36,11738778.0
2025-11-18,2474.26,2510.35,2469.31,2481.69,14766867.0
2025-11-19,2480.86,2484.37,2468.08,2471.99,9514962.0
2025-11-20,2471.79,2508.08,2466.01,2479.42,15825845.0
2025-11-21,2476.53,2503.33,2462.1,2467.66,20507164.0
2025-11-24,2469.11,2483.75,2443.33,2443.75,17301096.0
2025-11-25,2443.75,2451.79,2429.52,2443.54,14660888.0
2025-11-26,2443.75,2459.62,2433.02,2438.39,9169759.0
2025-11-27,2439.21,2443.13,2426.84,2431.79,9215651.0
2025-11-28,2430.96,2431.79,2419.62,2429.93,8029619.0
2025-12-01,2428.9,2445.81,2414.47,2425.81,12091201.0
2025-12-02,2424.78,2428.28,2402.1,2403.54,12492841.0
2025-12-03,2406.63,2413.44,2381.48,2383.54,16587100.0
2025-12-04,2383.75,2386.63,2353.02,2359.83,16929153.0
2025-12-05,2360.24,2378.8,2354.88,2370.34,11768183.0
2025-12-08,2368.08,2373.85,2331.99,2335.5,27697874.0
2025-12-09,2329.93,2331.58,2278.38,2286.22,30431037.0
2025-12-10,2278.38,2304.16,2257.97,2301.48,17869587.0
2025-12-11,2309.31,2324.36,2304.78,2307.25,15788422.0
2025-12-12,2315.5,2344.36,2301.06,2301.06,25702210.0
2025-12-15,2315.5,2335.29,2310.34,2318.59,21568629.0
2025-12-16,2309.31,2331.79,2302.3,2329.93,14506767.0
2025-12-17,2329.93,2345.39,2311.37,2338.18,15314001.0
2025-12-18,2338.14,2345.31,2327.8,2329.91,12462850.0
2025-12-19,2334.55,2339.4,2321.68,2332.02,13818718.0
2025-12-22,2331.6,2337.71,2323.37,2327.8,10846497.0
2025-12-23,2323.58,2329.91,2306.7,2314.93,11354023.0
2025-12-24,2310.29,2312.18,2295.09,2305.64,11790469.0
2025-12-25,2305.64,2335.6,2303.96,2333.49,12570809.0
2025-12-26,2322.94,2331.17,2309.02,2316.19,11475889.0
2025-12-29,2309.02,2312.4,2278.64,2279.9,19545251.0
2025-12-30,2276.53,2278.43,2257.96,2265.13,15847027.0
2025-12-31,2261.55,2262.81,2228.21,2235.18,20867682.0
2026-01-05,2234.33,2282.65,2230.11,2276.53,22266864.0
2026-01-06,2276.95,2287.71,2255.85,2282.22,18623239.0
2026-01-07,2282.44,2285.81,2265.98,2268.51,12309189.0
2026-01-08,2265.56,2265.56,2250.37,2255.43,12912133.0
2026-01-09,2258.59,2290.24,2255.01,2260.49,16074962.0
2026-01-12,2260.7,2296.57,2260.28,2290.24,23335607.0
2026-01-13,2299.53,2304.38,2274.84,2278.64,19737379.0
2026-01-14,2276.11,2296.36,2250.79,2258.38,22560863.0
2026-01-15,2251.21,2262.18,2236.86,2238.34,16292886.0
2026-01-16,2241.72,2245.09,2216.4,2218.72,19870993.0
2026-01-19,2215.13,2223.36,2201.42,2205.85,18229885.0
2026-01-20,2204.79,2225.26,2200.57,2213.44,17281662.0
2026-01-21,2207.33,2209.01,2173.15,2174.2,26228280.0
2026-01-22,2174.62,2188.34,2164.92,2168.08,18691474.0
2026-01-23,2168.93,2188.13,2166.82,2172.93,21455918.0
2026-01-26,2172.3,2183.69,2132.21,2159.22,31296115.0
2026-01-27,2154.58,2159.01,2131.37,2131.37,22528720.0
2026-01-28,2131.58,2148.88,2123.14,2124.62,26676739.0
2026-01-29,2124.62,2337.08,2120.4,2337.08,98660393.0
2026-01-30,2337.08,2337.29,2215.34,2215.34,66817118.0
2026-02-02,2217.03,2336.87,2217.03,2263.66,53197704.0
2026-02-03,2259.23,2295.09,2249.1,2263.45,33164323.0
2026-02-04,2246.99,2308.39,2242.35,2289.61,37891682.0
2026-02-05,2276.53,2332.44,2271.46,2297.42,37284641.0
2026-02-06,2297.63,2315.14,2253.53,2257.54,27652192.0
2026-02-09,2253.32,2272.1,2246.36,2265.13,20889162.0
2026-02-10,2261.34,2261.34,2232.01,2246.99,18504047.0
2026-02-11,2242.98,2250.15,2233.28,2237.28,11499591.0
2026-02-12,2234.33,2238.76,2202.68,2207.33,18172982.0
2026-02-13,2209.01,2255.01,2197.83,2237.71,24123984.0
2026-02-24,2282.44,2303.75,2215.34,2218.72,21014361.0
2026-02-25,2215.34,2238.76,2212.6,2218.93,16152900.0
2026-02-26,2215.34,2222.3,2185.8,2191.71,19232479.0
2026-02-27,2191.71,2205.85,2191.71,2195.3,11918816.0
2026-03-02,2173.15,2206.9,2159.22,2177.79,20406363.0
2026-03-03,2173.36,2202.26,2149.94,2163.65,23059451.0
2026-03-04,2152.05,2152.26,2125.67,2131.37,18301822.0
2026-03-05,2144.03,2151.41,2134.11,2140.44,10052078.0
2026-03-06,2138.12,2162.39,2132.0,2160.49,11291640.0
2026-03-09,2137.7,2164.71,2136.65,2141.92,17778084.0
2026-03-10,2149.52,2160.28,2146.98,2153.1,11169430.0
2026-03-11,2153.1,2159.43,2143.4,2155.84,10780126.0
2026-03-12,2152.05,2167.45,2143.61,2157.74,11661418.0
2026-03-13,2153.31,2187.07,2148.88,2172.09,15318710.0
2026-03-16,2168.93,2221.88,2166.82,2205.64,20304875.0
2026-03-17,2205.64,2232.64,2194.24,2210.91,17770249.0
2026-03-18,2210.91,2215.13,2181.58,2188.34,11720905.0
2026-03-19,2173.36,2181.8,2162.81,2163.23,11437347.0
2026-03-20,2163.23,2176.94,2149.94,2160.49,10286504.0
2026-03-23,2139.39,2147.41,2110.69,2114.7,20518979.0
2026-03-24,2128.42,2140.65,2110.69,2138.12,11750754.0
2026-03-25,2138.33,2164.28,2128.42,2161.54,10858964.0
2026-03-26,2156.27,2170.82,2136.86,2136.86,9592448.0
2026-03-27,2120.4,2170.61,2118.5,2165.76,10295755.0
2026-03-30,2151.84,2192.13,2147.83,2182.85,12490697.0
2026-03-31,2215.34,2232.22,2178.84,2178.84,17834771.0
2026-04-01,2193.61,2219.14,2181.37,2202.47,12266665.0
2026-04-02,2194.24,2220.83,2191.71,2215.34,15178337.0
2026-04-03,2214.71,2214.71,2179.26,2183.48,8308861.0
2026-04-07,2181.58,2192.13,2159.43,2175.47,8154794.0
2026-04-08,2192.13,2198.46,2183.91,2198.25,9774007.0
2026-04-09,2181.16,2187.7,2162.6,2164.71,9846158.0
2026-04-10,2164.92,2172.09,2152.05,2153.52,12242404.0
2026-04-13,2144.45,2161.54,2132.64,2160.91,12263434.0
2026-04-14,2160.91,2181.58,2149.52,2175.26,12069637.0
2026-04-15,2171.04,2194.03,2166.39,2184.75,11571256.0
2026-04-16,2183.69,2194.24,2177.79,2182.43,9016632.0
2026-04-17,2141.5,2157.32,2135.17,2149.09,16743174.0
2026-04-20,2148.25,2150.99,2132.0,2138.33,11696080.0
2026-04-21,2137.28,2148.25,2130.95,2134.75,10828096.0
2026-04-22,2130.95,2132.64,2119.56,2123.35,14438261.0
2026-04-23,2123.35,2158.38,2121.67,2134.75,17402318.0
2026-04-24,2123.56,2150.36,2116.18,2136.65,13453338.0
2026-04-27,2120.4,2121.03,2110.9,2114.07,19104782.0
2026-04-28,2111.54,2115.97,2107.74,2114.07,12341464.0
2026-04-29,2065.12,2079.89,2047.4,2074.83,33863533.0
2026-04-30,2062.17,2066.6,2046.55,2048.24,24820895.0
2026-05-06,1915.32,1993.81,1900.97,1946.55,87159923.0
2026-05-07,1950.13,1980.09,1950.13,1953.72,53627788.0
2026-05-08,1953.72,1957.94,1933.89,1943.8,25964091.0
2026-05-11,1941.69,1947.18,1927.77,1937.05,26932456.0
2026-05-12,1936.84,1939.59,1909.41,1910.68,37297423.0
2026-05-13,1910.89,1916.38,1872.28,1880.93,46720129.0
2026-05-14,1873.76,1925.87,1852.03,1877.56,50314824.0
2026-05-15,1856.67,1858.36,1827.55,1832.83,36117869.0
2026-05-18,1828.18,1828.18,1797.59,1805.4,39363075.0
2026-05-19,1810.25,1840.84,1802.02,1809.83,30494149.0
2026-05-20,1797.8,1815.74,1783.67,1803.29,30461662.0
2026-05-21,1804.13,1839.79,1798.23,1800.76,32663033.0
2026-05-22,1805.61,1806.03,1772.91,1772.91,26037090.0
2026-05-25,1764.47,1793.16,1751.6,1775.23,29202467.0
2026-05-26,1766.79,1784.72,1748.64,1758.77,27730383.0
2026-05-27,1751.18,1819.75,1723.75,1769.95,60380066.0
2026-05-28,1741.89,1747.59,1715.31,1719.32,36237862.0
2026-05-29,1708.77,1805.82,1706.45,1791.05,60110125.0
2026-06-01,1771.22,1771.22,1747.59,1759.83,27998720.0
2026-06-02,1759.19,1771.85,1738.94,1745.06,23817861.0
2026-06-03,1742.74,1750.54,1722.06,1737.46,21154363.0
2026-06-04,1737.46,1746.74,1711.09,1711.09,20421067.0
2026-06-05,1719.53,1738.94,1709.61,1710.67,21936442.0
2026-06-08,1709.19,1723.54,1678.6,1687.04,27525203.0
2026-06-09,1685.77,1687.88,1664.25,1669.1,21841173.0
2026-06-10,1667.41,1682.61,1658.34,1669.74,23072564.0
2026-06-11,1662.14,1687.46,1638.3,1683.45,37819589.0
2026-06-12,1675.01,1707.29,1671.21,1686.19,35834421.0
2026-06-15,1687.04,1693.79,1668.89,1680.07,24061117.0
2026-06-16,1675.01,1677.33,1648.85,1652.65,21756586.0
2026-06-17,1652.01,1660.45,1629.86,1634.92,22258774.0
2026-06-18,1630.49,1632.18,1600.32,1600.32,32684306.0
2026-06-22,1592.94,1633.87,1577.96,1615.09,35627629.0
2026-06-23,1606.65,1652.43,1569.1,1577.32,46610269.0
2026-06-24,1572.68,1591.88,1546.1,1546.52,30007758.0
2026-06-25,1541.25,1596.73,1538.08,1582.39,49143223.0
2026-06-26,1580.28,1597.58,1542.93,1543.78,32352113.0
2026-06-29,1540.82,1588.72,1513.82,1561.29,42712167.0
2026-06-30,1550.74,1580.7,1528.38,1561.29,36265269.0
2026-07-01,1558.55,1579.86,1531.33,1572.26,38076059.0
2026-07-02,1581.12,1591.67,1547.36,1550.74,35020556.0
2026-07-03,1553.69,1576.27,1531.75,1544.62,33825035.0
2026-07-06,1538.29,1573.32,1532.6,1556.23,34584259.0
2026-07-07,1552.64,1552.85,1512.34,1513.18,35673127.0
2026-07-08,1512.76,1524.79,1502.64,1508.12,23207769.0
2026-07-09,1497.99,1508.54,1487.87,1495.88,24192142.0
2026-07-10,1500.31,1567.83,1491.45,1554.75,55965462.0
2026-07-13,1541.46,1549.68,1522.26,1536.39,30602266.0
2026-07-14,1529.85,1550.53,1527.11,1548.63,28356827.0
2026-07-15,1528.38,1613.4,1519.3,1611.93,63734909.0
2026-07-16,1601.18,1628.69,1585.24,1613.63,48892065.0
2026-07-17,1628.91,1638.96,1579.78,1588.74,42739876.0
2026-07-20,1589.61,1666.03,1589.61,1664.72,64758611.0
2026-07-21,1659.48,1676.08,1618.87,1624.11,63378265.0
2026-07-22,1607.51,1633.28,1596.82,1632.19,40782282.0
2026-07-23,1615.81,1636.56,1600.96,1634.15,37032085.0
2026-07-24,1628.91,1644.2,1604.24,1606.42,31139902.0
2026-07-27,1608.39,1625.86,1605.11,1613.63,20333141.0
2026-07-28,1613.63,1641.14,1603.15,1633.28,31481451.0
2026-07-29,1635.9,1656.43,1630.88,1641.36,40741683.0
2026-07-30,1639.83,1721.49,1637.87,1715.38,72903867.0
2026-07-31,1681.1,1718.0,1672.37,1703.15,49786045.0
2026-08-03,1703.15,1717.56,1692.24,1704.46,27908161.0
2026-08-04,1704.46,1705.34,1674.11,1678.7,35288652.0
2026-08-05,1678.92,1680.44,1642.01,1648.57,43327258.0
2026-08-06,1648.78,1654.68,1621.93,1626.29,40608132.0
2026-08-07,1637.65,1642.01,1616.03,1640.05,36057469.0
2026-08-10,1644.63,1674.77,1643.54,1663.63,45051065.0
2026-08-11,1662.98,1662.98,1637.43,1637.65,33661463.0
2026-08-12,1632.41,1657.3,1626.73,1643.76,31287672.0
2026-08-13,1637.65,1662.32,1635.25,1640.27,32512042.0
2026-08-14,1637.87,1638.3,1609.26,1610.35,36023341.0
2026-08-17,1580.66,1589.61,1569.3,1584.15,33214854.0
2026-08-18,1581.09,1589.17,1575.2,1584.37,19268120.0
2026-08-19,1584.37,1589.17,1567.99,1569.74,23720052.0
2026-08-20,1570.18,1582.4,1570.18,1574.11,16033429.0
2026-08-21,1571.27,1572.14,1552.71,1554.45,19709758.0
2026-08-24,1554.67,1566.46,1547.69,1560.79,21257444.0
2026-08-25,1561.22,1567.77,1554.45,1561.66,18030345.0
2026-08-26,1549.87,1573.23,1548.78,1569.96,19690657.0
2026-08-27,1567.99,1568.21,1549.43,1552.93,32079965.0
2026-08-28,1552.93,1565.37,1548.78,1561.44,23036495.0
2026-08-31,1559.48,1563.19,1548.12,1556.2,25242079.0
2026-09-01,1554.24,1581.75,1551.18,1568.43,30130712.0
2026-09-02,1563.63,1566.9,1546.16,1546.38,26220484.0
2026-09-03,1546.38,1552.71,1540.48,1543.32,18006064.0
2026-09-04,1543.32,1581.97,1541.57,1571.7,45107190.0
2026-09-07,1567.99,1574.11,1548.78,1560.35,26219096.0
2026-09-08,1559.7,1573.45,1555.55,1564.5,19715879.0
2026-09-09,1564.28,1564.28,1549.21,1553.8,17867684.0
2026-09-10,1552.05,1554.45,1537.2,1538.95,22306487.0
2026-09-11,1535.02,1537.64,1519.74,1523.01,23131114.0
2026-09-14,1523.23,1528.47,1519.74,1525.2,11734039.0
2026-09-15,1527.38,1528.03,1519.74,1521.92,9670131.0
2026-09-16,1519.74,1521.7,1504.23,1512.31,15412600.0
2026-09-17,1506.85,1512.53,1503.8,1509.47,11786561.0
2026-09-18,1509.04,1530.44,1506.2,1528.47,17855459.0
2026-09-21,1527.6,1536.33,1524.1,1534.37,16949482.0
2026-09-22,1532.4,1547.03,1528.47,1540.26,13977291.0
2026-09-23,1535.24,1551.83,1533.93,1535.89,17357425.0
2026-09-24,1530.65,1534.15,1519.3,1521.27,13178634.0
